playerID,position,positionOrder
560,GK,1
557,DR,2
548,DC,3
628,DC,3
1006,DL,4
551,DMC,7
654,DMC,7
554,AMR,11
555,AMC,12
631,AML,13
629,FW,15
552,Sub,17
627,Sub,17
907,Sub,17
651,GK,1
638,DR,2
639,DC,3
640,DC,3
660,DL,4
914,DMC,7
643,DMC,7
642,AMR,11
646,AMC,12
648,AML,13
647,FW,15
649,Sub,17
644,Sub,17
645,Sub,17
455,GK,1
456,DR,2
458,DC,3
457,DC,3
459,DL,4
461,MR,8
460,MC,9
462,MC,9
466,ML,10
465,FW,15
468,FW,15
957,Sub,17
472,Sub,17
464,Sub,17
662,GK,1
674,DR,2
665,DC,3
875,DC,3
961,DL,4
668,MC,9
669,MC,9
677,MC,9
672,FWR,14
890,FW,15
679,FWL,16
667,Sub,17
899,Sub,17
671,Sub,17
600,GK,1
585,DR,2
587,DC,3
586,DC,3
909,DL,4
589,DMC,7
590,DMC,7
595,AMR,11
592,AMC,12
596,AML,13
594,FW,15
601,Sub,17
598,Sub,17
824,Sub,17
564,GK,1
565,DR,2
566,DC,3
581,DC,3
568,DL,4
577,MR,8
570,MC,9
572,MC,9
1016,ML,10
582,AMC,12
574,FW,15
571,Sub,17
578,Sub,17
573,Sub,17
745,GK,1
955,DR,2
747,DC,3
748,DC,3
757,DL,4
753,MR,8
784,MC,9
752,MC,9
750,ML,10
755,FW,15
754,FW,15
751,Sub,17
749,Sub,17
974,Sub,17
580,GK,1
742,DR,2
736,DC,3
927,DC,3
730,DL,4
738,DMC,7
929,MR,8
740,MC,9
733,MC,9
781,ML,10
735,FW,15
930,Sub,17
1034,Sub,17
785,GK,1
926,DR,2
821,DC,3
788,DC,3
789,DL,4
791,DMC,7
792,MR,8
793,MC,9
801,MC,9
1011,ML,10
467,FW,15
1010,Sub,17
790,Sub,17
794,Sub,17
635,GK,1
510,DR,2
511,DC,3
512,DC,3
513,DL,4
522,MR,8
633,MC,9
516,MC,9
514,ML,10
632,AMC,12
882,FW,15
519,Sub,17
515,Sub,17
518,Sub,17
680,GK,1
682,DR,2
699,DC,3
917,DC,3
681,DL,4
686,DMC,7
697,DMC,7
700,AMR,11
692,AMC,12
701,AML,13
802,FW,15
696,Sub,17
935,Sub,17
694,Sub,17
706,GK,1
718,DR,2
708,DC,3
709,DC,3
710,DL,4
769,DMC,7
723,DMC,7
713,AMR,11
714,AMC,12
715,AML,13
717,FW,15
719,Sub,17
963,Sub,17
712,Sub,17
982,GK,1
764,DR,2
941,DC,3
849,DC,3
943,DL,4
768,DMC,7
767,DMC,7
772,AMR,11
771,AMC,12
851,AML,13
850,FW,15
854,Sub,17
774,Sub,17
773,Sub,17
846,GK,1
847,DR,2
845,DC,3
834,DC,3
884,DL,4
836,DMC,7
883,DMC,7
840,AMR,11
838,AMC,12
844,AML,13
841,FW,15
839,Sub,17
832,Sub,17
491,GK,1
967,DR,2
507,DC,3
494,DC,3
495,DL,4
504,DMC,7
497,DMC,7
966,AMR,11
499,AMC,12
965,AML,13
502,FW,15
503,Sub,17
498,Sub,17
527,GK,1
530,DR,2
528,DC,3
529,DC,3
534,DL,4
532,MC,9
533,MC,9
543,MC,9
939,FWR,14
656,FW,15
536,FWL,16
1029,Sub,17
1028,Sub,17
800,Sub,17
856,GK,1
944,DR,2
860,DC,3
859,DC,3
887,DL,4
862,DMC,7
946,DMC,7
863,AMR,11
873,AMC,12
864,AML,13
868,FW,15
1007,Sub,17
858,Sub,17
1001,Sub,17
487,GK,1
603,DR,2
602,DC,3
607,DC,3
987,DL,4
489,DMC,7
605,DMC,7
481,AMR,11
488,AMC,12
486,AML,13
606,FW,15
482,Sub,17
604,Sub,17
820,GK,1
819,DR,2
664,DC,3
804,DC,3
904,DL,4
812,MR,8
990,MC,9
809,MC,9
814,ML,10
811,FW,15
816,FW,15
880,Sub,17
808,Sub,17
818,Sub,17
609,GK,1
625,DR,2
612,DC,3
626,DC,3
621,DL,4
614,DMC,7
878,DMC,7
616,AMR,11
617,AMC,12
618,AML,13
622,FW,15
877,Sub,17
623,Sub,17
619,Sub,17
323,AMC,12
842,Sub,17
843,Sub,17
591,Sub,17
977,Sub,17
732,MC,9
932,Sub,17
919,Sub,17
796,Sub,17
783,Sub,17
830,Sub,17
765,Sub,17
915,Sub,17
637,GK,1
865,AML,13
867,Sub,17
866,Sub,17
569,Sub,17
744,Sub,17
805,DC,3
806,DC,3
813,Sub,17
938,DR,2
542,Sub,17
535,Sub,17
526,Sub,17
822,Sub,17
492,DR,2
545,Sub,17
970,Sub,17
936,AMR,11
1089,Sub,17
608,Sub,17
975,Sub,17
825,Sub,17
191,Sub,17
770,AML,13
942,Sub,17
888,AMR,11
729,DC,3
520,AML,13
743,Sub,17
675,AMC,12
900,Sub,17
761,Sub,17
756,Sub,17
653,Sub,17
540,GK,1
993,Sub,17
687,AMR,11
685,Sub,17
876,Sub,17
948,Sub,17
953,DC,3
508,DC,3
493,DC,3
475,MC,9
988,Sub,17
945,Sub,17
855,Sub,17
663,DR,2
670,Sub,17
739,Sub,17
1024,Sub,17
999,Sub,17
688,Sub,17
689,Sub,17
517,Sub,17
986,Sub,17
1018,Sub,17
620,Sub,17
641,DL,4
815,Sub,17
897,Sub,17
894,Sub,17
964,Sub,17
630,Sub,17
908,MC,9
597,Sub,17
593,Sub,17
857,DR,2
871,Sub,17
525,DR,2
933,DC,3
447,Sub,17
807,DC,3
833,DC,3
795,Sub,17
798,Sub,17
463,ML,10
546,GK,1
553,Sub,17
484,Sub,17
931,DMC,7
737,AML,13
453,AMR,11
775,Sub,17
541,AML,13
537,Sub,17
690,Sub,17
583,Sub,17
579,Sub,17
828,DC,3
872,Sub,17
720,Sub,17
611,DC,3
531,Sub,17
655,Sub,17
940,Sub,17
960,Sub,17
634,Sub,17
550,DL,4
559,Sub,17
485,DC,3
483,FW,15
624,GK,1
615,DMC,7
925,Sub,17
835,DL,4
956,Sub,17
895,DMC,7
480,Sub,17
951,Sub,17
983,DL,4
998,Sub,17
947,Sub,17
509,GK,1
921,Sub,17
962,DC,3
610,DR,2
916,DMC,7
766,Sub,17
981,Sub,17
746,DR,2
727,DR,2
707,DR,2
992,Sub,17
954,GK,1
837,Sub,17
810,MR,8
684,DL,4
558,Sub,17
469,GK,1
471,Sub,17
763,GK,1
853,DL,4
524,DR,2
787,DC,3
567,DC,3
652,Sub,17
952,Sub,17
797,MC,9
886,DC,3
506,AMR,11
500,Sub,17
539,Sub,17
891,Sub,17
928,DC,3
881,AMC,12
661,Sub,17
958,Sub,17
1037,Sub,17
1066,Sub,17
922,Sub,17
476,Sub,17
657,Sub,17
905,Sub,17
949,Sub,17
1050,Sub,17
823,Sub,17
799,GK,1
547,Sub,17
676,DC,3
695,Sub,17
588,Sub,17
613,DL,4
973,GK,1
1072,Sub,17
760,DC,3
698,GK,1
726,GK,1
780,GK,1
721,DC,3
1045,MC,9
829,FWR,14
477,Sub,17
910,Sub,17
666,DL,4
1026,Sub,17
1060,Sub,17
678,GK,1
826,FW,15
827,Sub,17
831,GK,1
924,Sub,17
741,GK,1
232,Sub,17
778,Sub,17
762,Sub,17
898,Sub,17
786,DR,2
650,Sub,17
848,Sub,17
803,GK,1
575,Sub,17
777,Sub,17
902,Sub,17
937,Sub,17
162,DC,3
728,DC,3
731,Sub,17
734,Sub,17
521,Sub,17
817,DMC,7
716,Sub,17
584,GK,1
576,Sub,17
1054,Sub,17
861,MC,9
1059,Sub,17
538,Sub,17
1048,Sub,17
1047,Sub,17
869,Sub,17
776,Sub,17
501,Sub,17
673,Sub,17
479,Sub,17
759,DR,2
711,Sub,17
556,FW,15
549,Sub,17
562,Sub,17
496,Sub,17
599,Sub,17
892,DL,4
896,Sub,17
490,DR,2
505,GK,1
906,Sub,17
893,Sub,17
874,Sub,17
478,Sub,17
683,DC,3
693,Sub,17
691,Sub,17
870,GK,1
879,Sub,17
1042,Sub,17
1043,Sub,17
473,GK,1
474,DR,2
889,GK,1
523,GK,1
901,Sub,17
1036,Sub,17
920,DC,3
1031,Sub,17
1032,Sub,17
1022,MC,9
1023,Sub,17
1015,Sub,17
702,Sub,17
703,Sub,17
1084,Sub,17
779,Sub,17
1070,Sub,17
722,GK,1
1079,DL,4
1080,ML,10
1046,Sub,17
1014,Sub,17
1013,Sub,17
1078,Sub,17
1697,GK,1
1685,DR,2
1686,DC,3
1689,DC,3
1688,DL,4
1695,MC,9
1693,MC,9
1690,MC,9
1691,FWR,14
1698,FW,15
1694,FWL,16
1680,DC,3
1681,FW,15
1737,MR,8
985,DC,3
1730,Sub,17
1651,GK,1
1652,DR,2
1654,DC,3
1653,DC,3
1655,DL,4
1656,MR,8
1787,MC,9
1658,MC,9
1659,ML,10
1661,FW,15
1660,FW,15
1663,Sub,17
1664,Sub,17
1728,FW,15
1705,GK,1
1757,DR,2
1706,DC,3
1707,DC,3
1708,DL,4
1710,DMC,7
1717,DMC,7
1782,AMR,11
1712,AML,13
1715,FW,15
1753,Sub,17
1711,Sub,17
343,Sub,17
1784,Sub,17
1722,Sub,17
1732,AML,13
1027,AML,13
1789,MC,9
1739,DC,3
1741,FW,15
317,Sub,17
1749,DC,3
204,Sub,17
265,DC,3
1678,Sub,17
1760,DL,4
202,MC,9
1703,Sub,17
1740,DMC,7
1764,Sub,17
1657,MC,9
1662,Sub,17
1669,Sub,17
1692,Sub,17
1726,Sub,17
1017,Sub,17
1785,MC,9
1071,DC,3
1754,Sub,17
1709,AMR,11
1718,Sub,17
1672,Sub,17
1675,Sub,17
1683,ML,10
971,Sub,17
332,DC,3
1725,DC,3
1723,Sub,17
1724,Sub,17
91,Sub,17
1736,Sub,17
1719,DR,2
1665,Sub,17
1670,GK,1
1687,Sub,17
1713,Sub,17
1731,GK,1
337,Sub,17
1765,Sub,17
1743,DC,3
1699,DC,3
1700,FW,15
1746,Sub,17
1642,FW,15
1763,Sub,17
1039,Sub,17
1720,Sub,17
1676,DC,3
1682,FW,15
314,DMC,7
1055,Sub,17
1738,Sub,17
1674,Sub,17
1701,Sub,17
1714,Sub,17
1729,Sub,17
1742,GK,1
1671,Sub,17
1702,DC,3
37,GK,1
1684,GK,1
1696,Sub,17
1621,Sub,17
1704,DL,4
1673,Sub,17
1668,Sub,17
1677,Sub,17
725,Sub,17
1733,Sub,17
1727,DC,3
1744,DC,3
1734,Sub,17
1410,GK,1
1842,DR,2
1853,DC,3
2034,DC,3
1954,DL,4
1151,MC,9
1996,MC,9
1221,MC,9
1959,FWR,14
1955,FW,15
1851,FWL,16
1849,Sub,17
1847,Sub,17
1846,Sub,17
1244,GK,1
1254,DR,2
1179,DC,3
1246,DC,3
1438,DL,4
1251,MC,9
1290,MC,9
1249,MC,9
1943,FWR,14
1253,FW,15
1250,FWL,16
2011,Sub,17
1185,Sub,17
1483,GK,1
1201,DR,2
1541,DC,3
1107,DC,3
1542,DL,4
1205,MC,9
1207,MC,9
1589,MC,9
1517,FWR,14
1210,FW,15
1564,FWL,16
1206,Sub,17
1543,Sub,17
1208,Sub,17
1609,GK,1
1454,DR,2
1453,DC,3
1180,DC,3
1441,DL,4
1902,MC,9
1356,MC,9
1913,MC,9
1611,AMC,12
1917,FW,15
1981,FW,15
1380,Sub,17
1580,Sub,17
1285,GK,1
1576,DC,3
1286,DC,3
1287,DC,3
1303,DMR,5
1298,DML,6
1403,MC,9
226,FW,15
1295,FW,15
1294,Sub,17
1402,Sub,17
1138,GK,1
1149,DC,3
1887,DC,3
1140,DC,3
1097,DMR,5
1156,DML,6
1228,MC,9
1977,MC,9
1150,MC,9
1147,FW,15
1888,FW,15
1148,Sub,17
1561,Sub,17
1139,Sub,17
1328,GK,1
1279,DC,3
2047,DC,3
1534,DC,3
1274,DMR,5
1838,DML,6
1101,MC,9
1271,MC,9
1273,MC,9
1275,FW,15
1836,FW,15
1909,Sub,17
1837,Sub,17
1284,Sub,17
1113,GK,1
1431,DC,3
1630,DC,3
1094,DC,3
1633,MR,8
1885,MC,9
1123,MC,9
1100,ML,10
1111,AMC,12
1115,FW,15
1106,FW,15
1401,Sub,17
2038,Sub,17
1924,Sub,17
1532,GK,1
1813,DR,2
1222,DC,3
1530,DC,3
1224,DL,4
1937,MC,9
1225,MC,9
1646,MC,9
1810,AMC,12
1514,FW,15
1229,FW,15
1939,Sub,17
1845,Sub,17
1974,GK,1
1972,DR,2
2054,DC,3
1342,DC,3
1896,DL,4
1153,MR,8
1904,MC,9
1643,MC,9
1920,ML,10
2027,AMC,12
1903,FW,15
1905,Sub,17
2049,Sub,17
2055,Sub,17
1460,GK,1
1951,DR,2
1463,DC,3
1462,DC,3
1464,DL,4
1474,MC,9
1466,MC,9
1603,MC,9
1612,FWR,14
1468,FW,15
1338,FWL,16
1360,Sub,17
1826,Sub,17
1374,GK,1
1391,DR,2
1588,DC,3
1395,DC,3
1375,DL,4
1381,MC,9
1857,MC,9
1184,MC,9
1393,AMC,12
1293,FW,15
1384,FW,15
1385,Sub,17
1382,Sub,17
1383,Sub,17
1505,GK,1
1509,DR,2
1507,DC,3
1508,DC,3
1247,DL,4
1510,MC,9
1516,MC,9
1525,MC,9
1511,AMC,12
1513,FW,15
1518,FW,15
1524,Sub,17
1570,Sub,17
1291,Sub,17
1501,GK,1
1485,DR,2
1610,DC,3
1556,DC,3
1490,DL,4
1557,MC,9
1492,MC,9
2029,FWR,14
1984,FW,15
1491,FWL,16
1494,Sub,17
1502,Sub,17
1503,Sub,17
1305,GK,1
1323,DR,2
4032,DC,3
1320,DC,3
1792,DL,4
1312,MC,9
1386,MC,9
1326,MC,9
1313,AMC,12
1315,FW,15
1318,FW,15
1319,Sub,17
1607,Sub,17
1160,GK,1
1344,DR,2
1330,DC,3
1572,DC,3
1332,DL,4
1336,MR,8
1341,MC,9
1334,MC,9
1333,ML,10
1912,FW,15
1337,Sub,17
1335,Sub,17
1329,Sub,17
1416,GK,1
1435,DR,2
1418,DC,3
1884,DC,3
1430,DMC,7
1422,DMC,7
1967,AMR,11
1426,AMC,12
1424,AML,13
1425,FW,15
1622,Sub,17
1419,Sub,17
1618,GK,1
1120,DR,2
1119,DC,3
1131,DC,3
1590,DL,4
1121,MC,9
1948,MC,9
1641,MC,9
1124,AMC,12
1127,FW,15
1125,FW,15
1133,Sub,17
2048,Sub,17
2006,Sub,17
1873,GK,1
1352,DR,2
1807,DC,3
1861,DC,3
1862,DL,4
1963,MR,8
1869,MC,9
1864,MC,9
1871,ML,10
1867,FW,15
1874,FW,15
2044,Sub,17
1870,Sub,17
1859,Sub,17
1195,GK,1
1800,DC,3
1377,DC,3
1196,DC,3
1567,DMR,5
1933,DML,6
1183,MC,9
1182,MC,9
1269,MC,9
1188,FW,15
1230,FW,15
1192,Sub,17
1194,Sub,17
1198,Sub,17
1458,DR,2
1439,DC,3
1452,MC,9
1448,MC,9
1979,FWR,14
1473,FWR,14
1953,Sub,17
1129,AMC,12
1117,Sub,17
1394,DC,3
1307,Sub,17
1322,Sub,17
1823,DL,4
1187,Sub,17
1942,DC,3
1296,MC,9
1804,Sub,17
1852,Sub,17
1644,Sub,17
5821,MC,9
1975,Sub,17
1840,DC,3
1264,Sub,17
1376,DC,3
1379,MC,9
1387,Sub,17
1389,Sub,17
1232,AMC,12
1497,Sub,17
1936,Sub,17
1906,MC,9
1973,MC,9
1949,MC,9
1522,Sub,17
1506,Sub,17
1171,Sub,17
1204,Sub,17
1883,Sub,17
1096,DC,3
1099,MC,9
1581,FW,15
1104,Sub,17
1456,Sub,17
1504,MC,9
1985,Sub,17
3862,Sub,17
1860,DC,3
1359,Sub,17
1868,Sub,17
1309,DL,4
1423,MC,9
1434,FW,15
1966,Sub,17
1539,Sub,17
1444,Sub,17
1602,DL,4
1872,MC,9
1866,Sub,17
1822,DC,3
1255,AMC,12
1289,DL,4
1300,MC,9
1911,Sub,17
1331,Sub,17
1604,Sub,17
1197,DC,3
1597,DC,3
1190,MC,9
1186,FW,15
1801,Sub,17
1552,FW,15
1960,Sub,17
1835,Sub,17
2056,GK,1
1895,DC,3
1900,MC,9
1907,FW,15
1405,Sub,17
1446,Sub,17
1983,DR,2
1118,DC,3
1484,Sub,17
1928,Sub,17
1499,Sub,17
1935,Sub,17
1306,Sub,17
1248,Sub,17
1200,GK,1
1880,DC,3
1203,DC,3
1879,AMC,12
1472,Sub,17
1978,Sub,17
1568,MC,9
448,AMC,12
1828,Sub,17
1135,DR,2
1573,MC,9
1817,Sub,17
1809,Sub,17
1241,Sub,17
1812,Sub,17
1442,DMC,7
1451,AMR,11
1033,AML,13
1457,Sub,17
1159,DC,3
2028,Sub,17
1574,Sub,17
1340,Sub,17
2024,Sub,17
1299,MC,9
1825,GK,1
1824,DR,2
1478,DR,2
1467,Sub,17
1178,Sub,17
1940,Sub,17
1238,Sub,17
1841,GK,1
1843,Sub,17
1971,DC,3
1112,MC,9
1969,Sub,17
1877,DMC,7
1213,Sub,17
1890,DC,3
1889,Sub,17
1815,Sub,17
1894,GK,1
1365,DL,4
2021,Sub,17
1347,FW,15
1600,Sub,17
1440,DC,3
1855,DL,4
1958,Sub,17
1297,GK,1
1865,MR,8
2026,FW,15
1793,FW,15
1944,Sub,17
2025,Sub,17
1527,DC,3
1797,Sub,17
1934,Sub,17
2003,Sub,17
1562,Sub,17
1415,Sub,17
2020,Sub,17
1938,Sub,17
1908,GK,1
1901,MC,9
1325,MC,9
1311,AMC,12
1245,Sub,17
1599,Sub,17
1141,DC,3
1292,MC,9
1587,Sub,17
1579,DC,3
1495,Sub,17
1964,DC,3
1266,DC,3
1093,GK,1
1546,DR,2
1154,Sub,17
1878,FW,15
1095,DC,3
1437,GK,1
1545,DR,2
2019,Sub,17
1116,GK,1
1480,Sub,17
1932,Sub,17
1848,Sub,17
1165,Sub,17
1515,DC,3
1523,DR,2
1432,Sub,17
1858,GK,1
1827,DL,4
1816,Sub,17
1126,FWL,16
2018,Sub,17
1471,MC,9
1899,ML,10
1193,DR,2
1450,Sub,17
1243,Sub,17
1267,Sub,17
1281,Sub,17
1596,DL,4
1950,DR,2
1301,Sub,17
1558,GK,1
1487,DR,2
2008,Sub,17
1945,Sub,17
1191,DC,3
1844,Sub,17
1956,Sub,17
1897,Sub,17
1882,Sub,17
1819,Sub,17
1863,ML,10
1378,DL,4
1168,Sub,17
1608,GK,1
1209,FW,15
1536,Sub,17
1533,Sub,17
1231,Sub,17
1369,Sub,17
1854,GK,1
1876,DC,3
1346,Sub,17
1994,DL,4
1482,DC,3
1252,ML,10
1987,MC,9
1891,MC,9
1795,DC,3
1421,ML,10
1345,GK,1
1559,Sub,17
275,Sub,17
1915,Sub,17
1997,Sub,17
1898,DML,6
1445,Sub,17
1802,Sub,17
1547,DML,6
1488,MC,9
2014,Sub,17
1105,MR,8
1839,Sub,17
1808,Sub,17
1554,DC,3
1256,Sub,17
1263,GK,1
1519,GK,1
1475,Sub,17
1821,Sub,17
1310,Sub,17
1350,Sub,17
1875,DC,3
1535,Sub,17
1132,GK,1
1265,DC,3
1980,Sub,17
1142,DC,3
1321,GK,1
2010,Sub,17
1103,Sub,17
1122,Sub,17
1223,Sub,17
1989,GK,1
1927,DC,3
1806,GK,1
1811,Sub,17
1830,Sub,17
1829,Sub,17
1553,GK,1
1926,GK,1
1496,AMC,12
1914,Sub,17
1850,Sub,17
1635,DC,3
1000,Sub,17
1144,MC,9
1145,AMC,12
1088,Sub,17
1548,Sub,17
1288,DMR,5
1433,FWR,14
1189,Sub,17
18,DC,3
1270,ML,10
1272,Sub,17
1276,Sub,17
1277,Sub,17
1465,MC,9
1477,MC,9
1161,DR,2
1164,DL,4
1169,MC,9
1569,AMC,12
1166,AMC,12
1170,FW,15
1172,Sub,17
1174,Sub,17
1583,Sub,17
1489,MC,9
1500,FWR,14
1493,Sub,17
1563,DL,4
1218,FWR,14
1202,Sub,17
1443,MC,9
1447,FWL,16
1351,GK,1
1353,DC,3
1354,DC,3
1370,DC,3
1371,MR,8
1364,MC,9
1357,MC,9
1355,ML,10
1363,FWR,14
1362,FW,15
1361,FWL,16
1628,Sub,17
1368,Sub,17
1348,Sub,17
1520,AMC,12
1317,MC,9
1226,MC,9
1227,MC,9
1236,Sub,17
1237,Sub,17
1235,Sub,17
1098,MC,9
1109,FWL,16
1396,GK,1
1408,DC,3
1550,DC,3
1399,DC,3
1400,DML,6
1404,MC,9
1406,FW,15
1414,Sub,17
1411,Sub,17
1645,Sub,17
1595,DC,3
328,DC,3
1577,Sub,17
1128,DC,3
1130,Sub,17
1136,Sub,17
1549,Sub,17
1234,Sub,17
1481,Sub,17
1162,DC,3
1173,Sub,17
1531,Sub,17
1449,Sub,17
1152,AMC,12
1308,DC,3
1324,DL,4
1398,DC,3
1409,AMC,12
1634,Sub,17
1367,GK,1
1358,Sub,17
1626,Sub,17
1429,ML,10
1623,Sub,17
1470,Sub,17
1469,Sub,17
1268,Sub,17
1605,Sub,17
1143,MC,9
1167,Sub,17
1512,DMC,7
1314,Sub,17
1366,DC,3
1528,Sub,17
1212,Sub,17
1163,Sub,17
1461,DR,2
1108,DC,3
1102,Sub,17
1181,Sub,17
1397,DR,2
1592,AMC,12
1372,Sub,17
1436,Sub,17
1214,GK,1
1219,Sub,17
1575,DR,2
1566,FW,15
1146,Sub,17
1339,Sub,17
1585,Sub,17
1521,Sub,17
1417,DC,3
1407,Sub,17
1571,Sub,17
1217,Sub,17
1283,Sub,17
1486,DC,3
1582,Sub,17
1258,Sub,17
1529,DR,2
1316,DR,2
1537,Sub,17
1220,GK,1
1233,Sub,17
1211,Sub,17
1420,DL,4
1427,Sub,17
1428,Sub,17
217,GK,1
218,DR,2
220,DC,3
391,DL,4
230,DMC,7
392,MR,8
222,MC,9
224,MC,9
393,ML,10
227,FW,15
422,Sub,17
229,Sub,17
221,Sub,17
163,GK,1
175,DR,2
165,DC,3
302,DC,3
167,DL,4
411,MC,9
168,MC,9
169,MC,9
171,FWR,14
176,FW,15
172,FWL,16
173,Sub,17
177,Sub,17
303,Sub,17
181,GK,1
182,DR,2
197,DC,3
183,DC,3
185,DL,4
421,DMC,7
187,DMC,7
186,AMR,11
189,AMC,12
190,FW,15
195,Sub,17
261,Sub,17
194,Sub,17
73,GK,1
74,DR,2
76,DC,3
75,DC,3
77,DL,4
80,DMC,7
81,MC,9
86,MC,9
254,AMC,12
83,FW,15
255,FW,15
79,Sub,17
445,Sub,17
88,Sub,17
263,GK,1
264,DR,2
406,DC,3
278,DL,4
268,DMC,7
269,DMC,7
270,AMR,11
280,AMC,12
397,AML,13
273,FW,15
272,Sub,17
398,Sub,17
267,Sub,17
434,GK,1
443,DR,2
25,DC,3
21,DC,3
23,DL,4
24,DMC,7
36,MR,8
27,MC,9
30,MC,9
32,ML,10
26,FW,15
35,Sub,17
22,Sub,17
433,Sub,17
109,GK,1
110,DR,2
123,DC,3
111,DC,3
399,DL,4
114,DMC,7
301,MC,9
117,MC,9
115,AMC,12
119,FW,15
118,FW,15
116,Sub,17
112,Sub,17
430,Sub,17
330,GK,1
331,DR,2
451,DC,3
334,DL,4
339,MR,8
335,MC,9
336,MC,9
152,ML,10
341,FW,15
340,FW,15
427,Sub,17
346,Sub,17
38,DR,2
40,DC,3
39,DC,3
41,DL,4
441,DMC,7
42,DMC,7
49,AMR,11
45,AMC,12
46,AML,13
306,FW,15
394,Sub,17
47,Sub,17
271,Sub,17
233,GK,1
234,DR,2
251,DC,3
236,DC,3
402,DL,4
239,MC,9
252,MC,9
238,MC,9
362,FWR,14
242,FW,15
241,FWL,16
237,Sub,17
248,Sub,17
235,Sub,17
1,GK,1
7,DR,2
3,DC,3
4,DC,3
5,DL,4
6,MR,8
299,MC,9
8,MC,9
13,ML,10
14,AMC,12
16,FW,15
10,Sub,17
9,Sub,17
11,Sub,17
348,DR,2
93,DC,3
94,DC,3
95,DL,4
108,DMC,7
96,DMC,7
98,AMR,11
100,AMC,12
350,AML,13
104,FW,15
349,Sub,17
99,Sub,17
103,Sub,17
309,GK,1
310,DR,2
373,DC,3
371,DC,3
313,DL,4
372,DMC,7
319,MR,8
321,MC,9
318,FW,15
188,Sub,17
324,Sub,17
311,Sub,17
199,GK,1
201,DR,2
200,DC,3
211,DC,3
206,DL,4
207,MR,8
208,MC,9
327,ML,10
209,FW,15
210,FW,15
205,Sub,17
213,Sub,17
420,Sub,17
159,GK,1
151,DR,2
147,DC,3
308,DL,4
150,DMC,7
153,DMC,7
155,AMC,12
158,FW,15
146,Sub,17
160,Sub,17
174,Sub,17
281,GK,1
282,DR,2
283,DC,3
284,DC,3
285,DL,4
288,MR,8
293,MC,9
286,MC,9
452,ML,10
291,FW,15
382,FW,15
297,Sub,17
294,Sub,17
296,Sub,17
55,GK,1
383,DR,2
71,DC,3
67,DC,3
59,DL,4
300,MR,8
60,MC,9
62,MC,9
64,ML,10
407,FW,15
426,FW,15
384,Sub,17
65,Sub,17
63,Sub,17
127,GK,1
128,DR,2
129,DC,3
138,DC,3
131,DL,4
132,DMC,7
134,MR,8
140,MC,9
144,MC,9
262,ML,10
137,FW,15
133,Sub,17
135,Sub,17
139,Sub,17
28,Sub,17
34,Sub,17
125,AMC,12
90,Sub,17
345,DR,2
338,Sub,17
2,DR,2
12,AMC,12
359,Sub,17
368,DL,4
276,Sub,17
387,DMC,7
157,Sub,17
92,DR,2
101,Sub,17
66,Sub,17
170,Sub,17
69,Sub,17
56,Sub,17
250,GK,1
379,Sub,17
243,Sub,17
315,DR,2
312,DC,3
320,Sub,17
316,Sub,17
203,DR,2
216,Sub,17
322,DL,4
43,Sub,17
154,Sub,17
342,DL,4
61,MC,9
375,Sub,17
289,ML,10
141,Sub,17
166,DC,3
386,Sub,17
361,MR,8
85,Sub,17
414,DC,3
148,Sub,17
228,Sub,17
260,Sub,17
31,ML,10
113,DL,4
120,Sub,17
215,DC,3
412,Sub,17
439,DC,3
178,GK,1
223,Sub,17
266,DC,3
105,DC,3
396,AMC,12
29,Sub,17
418,Sub,17
57,DC,3
376,Sub,17
240,Sub,17
145,GK,1
356,AMC,12
287,Sub,17
292,Sub,17
358,Sub,17
136,Sub,17
122,Sub,17
347,Sub,17
44,Sub,17
409,Sub,17
54,DMC,7
432,Sub,17
307,Sub,17
84,Sub,17
225,Sub,17
149,DL,4
156,Sub,17
258,DMC,7
19,Sub,17
333,Sub,17
193,DR,2
435,Sub,17
15,Sub,17
124,ML,10
400,Sub,17
257,DL,4
48,Sub,17
401,DC,3
253,Sub,17
249,Sub,17
279,Sub,17
425,Sub,17
364,Sub,17
50,DL,4
214,GK,1
97,Sub,17
164,Sub,17
245,MC,9
130,Sub,17
121,ML,10
378,Sub,17
360,Sub,17
184,MC,9
417,Sub,17
298,Sub,17
70,Sub,17
82,Sub,17
179,Sub,17
198,Sub,17
405,Sub,17
367,Sub,17
352,ML,10
381,Sub,17
20,Sub,17
357,Sub,17
212,Sub,17
219,Sub,17
404,Sub,17
369,Sub,17
390,Sub,17
365,Sub,17
78,MR,8
52,DC,3
290,AML,13
58,DC,3
374,Sub,17
68,Sub,17
329,Sub,17
53,Sub,17
274,Sub,17
102,Sub,17
244,Sub,17
246,Sub,17
192,Sub,17
2701,Sub,17
87,Sub,17
247,DL,4
2643,Sub,17
429,Sub,17
2666,Sub,17
2644,Sub,17
2664,DR,2
2630,Sub,17
436,DMC,7
2680,FW,15
2689,AMC,12
2636,Sub,17
354,DL,4
2668,Sub,17
2640,Sub,17
2660,ML,10
2661,Sub,17
2637,Sub,17
370,Sub,17
2638,Sub,17
2662,Sub,17
2681,MC,9
2647,Sub,17
2692,DL,4
2674,Sub,17
161,DC,3
2626,Sub,17
2672,Sub,17
2648,Sub,17
2669,DC,3
2655,Sub,17
2633,Sub,17
2665,DMC,7
2650,DC,3
380,MR,8
450,Sub,17
2667,Sub,17
2645,Sub,17
2653,AMC,12
2693,AML,13
106,Sub,17
2642,DMC,7
2649,Sub,17
325,GK,1
2663,MR,8
419,Sub,17
2690,Sub,17
2691,Sub,17
2657,Sub,17
2688,Sub,17
2673,Sub,17
2631,Sub,17
277,GK,1
454,Sub,17
408,Sub,17
403,Sub,17
2659,AMR,11
385,DR,2
2652,Sub,17
415,Sub,17
2625,Sub,17
446,Sub,17
2629,DR,2
2628,GK,1
2651,DR,2
440,GK,1
305,Sub,17
231,Sub,17
2654,Sub,17
2646,Sub,17
142,GK,1
256,GK,1
2639,Sub,17
196,GK,1
2634,Sub,17
2632,Sub,17
351,GK,1
2623,Sub,17
3593,DC,3
3254,DC,3
5351,Sub,17
5291,Sub,17
5327,DC,3
5224,FW,15
2215,Sub,17
5274,DC,3
2456,DMC,7
5234,Sub,17
5356,Sub,17
5277,GK,1
5284,DR,2
4288,DC,3
5341,Sub,17
2453,DC,3
3226,AMR,11
3455,Sub,17
3468,GK,1
4764,DMC,7
5222,Sub,17
5262,GK,1
5264,DC,3
4250,DC,3
5292,DC,3
5265,DMC,7
4271,MC,9
5266,MC,9
4243,ML,10
4247,FW,15
5267,Sub,17
4248,Sub,17
5287,Sub,17
5241,GK,1
5253,DR,2
5244,DC,3
5257,DC,3
5254,DL,4
5246,DMC,7
5242,DMC,7
5248,AMC,12
5252,AMC,12
5250,FW,15
4280,Sub,17
5249,Sub,17
5365,Sub,17
3290,DMC,7
2068,AMR,11
5228,MC,9
3887,FW,15
5353,Sub,17
5295,GK,1
3216,DC,3
5216,Sub,17
5333,AMC,12
5236,Sub,17
326,DR,2
4246,MC,9
5358,DR,2
5256,Sub,17
5247,Sub,17
5350,Sub,17
2136,Sub,17
5286,DL,4
5245,DR,2
5273,Sub,17
2627,Sub,17
5272,Sub,17
5282,Sub,17
5231,Sub,17
4036,Sub,17
5312,Sub,17
5310,FW,15
5270,Sub,17
5239,MC,9
4304,Sub,17
5219,DC,3
5294,Sub,17
5352,Sub,17
3738,Sub,17
5259,Sub,17
4236,Sub,17
5217,DL,4
5283,Sub,17
5290,Sub,17
5304,DC,3
2656,Sub,17
4252,DC,3
5346,MC,9
5220,Sub,17
2252,Sub,17
5215,DR,2
5313,Sub,17
2348,GK,1
2331,DR,2
2556,DC,3
2333,DC,3
2439,DL,4
2338,MR,8
2540,MC,9
2621,MC,9
2339,FW,15
2340,FW,15
2345,Sub,17
2525,Sub,17
2343,Sub,17
2061,GK,1
2073,DR,2
2412,DC,3
2414,DC,3
2510,DL,4
2413,DMC,7
2065,DMC,7
2441,AMR,11
2511,AML,13
2442,FW,15
2440,Sub,17
2503,GK,1
2313,DR,2
2314,DC,3
2486,DC,3
2467,DL,4
2466,DMC,7
2320,DMC,7
2316,AMR,11
2319,AMC,12
2322,AML,13
2318,Sub,17
2323,Sub,17
2225,GK,1
2226,DR,2
2484,DC,3
2236,DC,3
2239,DL,4
2233,MR,8
2242,MC,9
2231,MC,9
2235,ML,10
2480,FW,15
2416,FW,15
2571,Sub,17
2342,Sub,17
2107,GK,1
2586,DR,2
2430,DC,3
2584,DC,3
2110,DL,4
2108,DMC,7
2113,DMC,7
2118,AMR,11
2121,AMC,12
2111,AML,13
2116,FW,15
2432,Sub,17
2114,Sub,17
2120,Sub,17
2190,GK,1
2194,DR,2
2192,DC,3
2572,DC,3
2191,DL,4
2195,DMC,7
2205,DMC,7
2197,AMR,11
2199,AMC,12
2471,AML,13
2200,FW,15
2203,Sub,17
2196,Sub,17
2618,Sub,17
2261,GK,1
2262,DR,2
2278,DC,3
2264,DC,3
2265,DL,4
2424,MR,8
2268,MC,9
2273,MC,9
2269,ML,10
2270,FW,15
2548,FW,15
2400,Sub,17
2275,Sub,17
2271,Sub,17
2351,GK,1
2364,DR,2
2353,DC,3
2588,DC,3
2461,DC,3
2355,DL,4
2356,MR,8
2429,MC,9
2622,MC,9
2358,ML,10
2365,FW,15
2363,Sub,17
2361,Sub,17
2360,Sub,17
2601,GK,1
2159,DR,2
2487,DC,3
2163,DC,3
2161,DL,4
2575,MR,8
2488,MC,9
2162,MC,9
2168,ML,10
2170,FW,15
2171,FW,15
2602,Sub,17
2558,Sub,17
2385,GK,1
2379,DR,2
2386,DC,3
2377,MC,9
2387,MC,9
2384,FWR,14
2382,FWL,16
2538,Sub,17
2381,Sub,17
2392,GK,1
2452,DR,2
2498,DC,3
2404,DC,3
2396,DL,4
2406,DMC,7
2397,DMC,7
2405,AMR,11
2409,AMC,12
2499,AML,13
2410,FW,15
2408,Sub,17
2491,Sub,17
2393,Sub,17
2091,DC,3
2093,DL,4
2096,MC,9
2094,MC,9
2095,MC,9
2097,FWR,14
2098,FW,15
2100,FWL,16
2537,Sub,17
2104,Sub,17
2208,GK,1
2209,DR,2
1716,DC,3
2211,DL,4
2214,MR,8
2213,MC,9
2212,MC,9
2216,ML,10
2218,FW,15
2217,FW,15
2220,Sub,17
2585,Sub,17
2219,Sub,17
2243,GK,1
2244,DR,2
2245,DC,3
2246,DC,3
2257,DL,4
2250,DMC,7
2369,DMC,7
2255,AMR,11
2251,AMC,12
2371,AML,13
2256,FW,15
2260,Sub,17
2249,Sub,17
2254,Sub,17
2188,GK,1
2175,DR,2
2178,DC,3
2516,DC,3
2179,DC,3
2187,DL,4
2390,MC,9
2391,MC,9
2180,MC,9
2542,FW,15
2185,FW,15
2186,Sub,17
2184,Sub,17
2183,Sub,17
2293,GK,1
2281,DR,2
2419,DC,3
2600,DC,3
2280,DL,4
2284,MC,9
2267,MC,9
2286,MC,9
2285,FWR,14
2290,FW,15
2553,Sub,17
2283,Sub,17
2287,Sub,17
2141,GK,1
2560,DR,2
2143,DC,3
2444,DC,3
2448,DL,4
2142,MR,8
2146,MC,9
2144,MC,9
2149,ML,10
2150,FW,15
2155,FW,15
2446,Sub,17
2604,Sub,17
2447,Sub,17
2310,GK,1
2296,DR,2
2298,DC,3
2539,DL,4
2309,MR,8
2482,MC,9
2302,MC,9
2303,ML,10
2311,FW,15
2304,FW,15
2301,Sub,17
2306,Sub,17
2300,Sub,17
2075,GK,1
2509,DR,2
2077,DC,3
2563,DC,3
2420,DL,4
2080,DMC,7
2422,DMC,7
2089,AMR,11
2079,AMC,12
2425,AML,13
2082,FW,15
2088,Sub,17
2076,Sub,17
2124,GK,1
2125,DR,2
2126,DC,3
2127,DC,3
2436,DL,4
2130,DMC,7
2133,DMC,7
2131,AMR,11
2437,AMC,12
2134,AML,13
2135,FW,15
2591,Sub,17
2128,Sub,17
2307,Sub,17
2115,Sub,17
2228,DR,2
2232,DMC,7
2099,FWL,16
2101,Sub,17
2332,DC,3
2334,DL,4
2337,MC,9
2279,GK,1
2289,Sub,17
2158,DR,2
2172,Sub,17
2160,Sub,17
2370,FW,15
2248,Sub,17
2151,DL,4
2145,Sub,17
2530,Sub,17
2138,GK,1
2394,DC,3
2403,DL,4
2613,Sub,17
2069,DC,3
2443,Sub,17
2329,DL,4
2272,Sub,17
2266,Sub,17
2505,DL,4
2380,Sub,17
2378,Sub,17
2315,DC,3
2500,Sub,17
2327,Sub,17
2207,DC,3
2198,Sub,17
2450,Sub,17
2573,Sub,17
2085,DC,3
2083,DMC,7
2554,Sub,17
2367,GK,1
2552,MC,9
2357,Sub,17
2388,DC,3
2566,Sub,17
2182,Sub,17
2603,DC,3
2063,DC,3
2549,ML,10
2434,DC,3
2122,Sub,17
2258,DC,3
2253,Sub,17
2222,MR,8
2475,GK,1
2374,DC,3
2376,MC,9
2383,Sub,17
2274,Sub,17
2090,GK,1
2445,DC,3
2148,MR,8
2227,DC,3
2535,Sub,17
2084,Sub,17
2305,Sub,17
2308,Sub,17
2395,DMC,7
2514,DL,4
2202,FW,15
2288,Sub,17
2362,Sub,17
2595,Sub,17
2562,Sub,17
2164,AMC,12
2166,AML,13
2167,FW,15
2546,Sub,17
2472,Sub,17
2494,Sub,17
2421,DC,3
2579,Sub,17
2240,DMC,7
2241,Sub,17
2119,DR,2
2109,DC,3
2545,DL,4
2112,DMC,7
2117,AMC,12
2072,GK,1
2282,DC,3
2224,GK,1
2457,DL,4
2577,FW,15
2454,DL,4
2106,AMR,11
2609,Sub,17
2169,DL,4
2165,Sub,17
2474,DC,3
2263,DC,3
2375,DL,4
2230,AMC,12
2210,DC,3
2223,Sub,17
2092,DC,3
2137,DC,3
2140,Sub,17
2299,DR,2
2593,DL,4
2153,ML,10
1012,Sub,17
2564,Sub,17
2428,Sub,17
2247,DC,3
2335,MR,8
2426,Sub,17
2292,Sub,17
2152,DL,4
2317,Sub,17
2433,Sub,17
2612,DL,4
2399,Sub,17
2398,Sub,17
2321,Sub,17
2352,DC,3
2521,ML,10
2518,Sub,17
2504,Sub,17
2336,DMC,7
2366,DL,4
2463,AMR,11
2606,Sub,17
2229,DL,4
2234,Sub,17
2359,AMC,12
2297,DC,3
2605,Sub,17
2259,GK,1
2189,DR,2
2177,DC,3
2181,Sub,17
2565,Sub,17
2465,Sub,17
2431,Sub,17
2599,Sub,17
2512,DR,2
2464,Sub,17
2608,Sub,17
2578,Sub,17
2402,Sub,17
2156,Sub,17
2193,DC,3
2201,Sub,17
2582,Sub,17
2237,Sub,17
2328,Sub,17
2341,Sub,17
2294,Sub,17
2497,AMC,12
2483,DL,4
2064,DL,4
2477,Sub,17
2154,Sub,17
2506,Sub,17
2529,Sub,17
2495,Sub,17
2157,GK,1
2438,MC,9
2583,Sub,17
2291,Sub,17
2173,Sub,17
2401,Sub,17
2174,GK,1
2550,DL,4
2576,Sub,17
2559,DC,3
2459,Sub,17
2569,Sub,17
2481,Sub,17
2103,DR,2
2102,MC,9
2389,FWR,14
2407,Sub,17
2544,DC,3
2502,FW,15
2132,Sub,17
2531,DMC,7
2087,Sub,17
2455,DR,2
2368,DMC,7
2435,Sub,17
2312,GK,1
2344,ML,10
2276,DL,4
2129,Sub,17
2147,MR,8
2078,DC,3
2349,Sub,17
2373,GK,1
2081,Sub,17
2067,Sub,17
2515,Sub,17
2423,Sub,17
2139,DC,3
2541,Sub,17
2221,DC,3
2176,DC,3
2354,Sub,17
2508,Sub,17
2347,DL,4
2507,Sub,17
2206,DL,4
2324,GK,1
2325,Sub,17
2462,Sub,17
2330,Sub,17
2489,Sub,17
2492,Sub,17
2326,Sub,17
2086,GK,1
2460,GK,1
2522,Sub,17
2527,DC,3
2066,Sub,17
2496,Sub,17
2451,Sub,17
2238,Sub,17
2485,Sub,17
2469,DL,4
2470,DMC,7
2062,Sub,17
2295,GK,1
2071,Sub,17
2070,Sub,17
2476,Sub,17
2417,Sub,17
2411,DR,2
3279,DC,3
5100,GK,1
5097,DR,2
5090,DC,3
5205,DC,3
5141,DC,3
5094,MC,9
5096,MC,9
5128,MC,9
5129,FW,15
5088,Sub,17
5099,Sub,17
5130,Sub,17
5084,AML,13
4068,Sub,17
5076,DMC,7
5074,FW,15
5075,Sub,17
3567,DC,3
3237,DC,3
5036,DL,4
5170,MC,9
3346,MC,9
3544,AMC,12
5180,AML,13
2057,FW,15
4163,Sub,17
5167,Sub,17
5113,Sub,17
5051,DC,3
3210,FW,15
5087,GK,1
5078,DC,3
5158,Sub,17
5077,Sub,17
5135,AML,13
5071,Sub,17
5042,GK,1
5043,DR,2
5114,DL,4
5048,DMC,7
5045,DMC,7
4162,FW,15
5044,Sub,17
5115,Sub,17
5116,AMR,11
5203,GK,1
5117,DR,2
5119,DC,3
4107,DC,3
5065,DC,3
4091,MR,8
5066,MC,9
5118,MC,9
5067,ML,10
4037,Sub,17
4226,Sub,17
2589,Sub,17
4042,DR,2
5080,AMR,11
5188,Sub,17
5086,MC,9
5169,Sub,17
5101,DL,4
5095,Sub,17
5073,Sub,17
4536,FWL,16
5110,Sub,17
5068,AML,13
5192,Sub,17
2547,DL,4
5202,Sub,17
5210,Sub,17
5171,DR,2
5093,Sub,17
5111,MC,9
5055,ML,10
5057,GK,1
5181,Sub,17
5166,Sub,17
3056,DC,3
5037,MC,9
5038,FW,15
5186,Sub,17
980,DL,4
5108,AMR,11
5154,Sub,17
4119,Sub,17
5083,Sub,17
5061,GK,1
5105,Sub,17
5204,MC,9
5121,Sub,17
3301,GK,1
5143,GK,1
5160,MC,9
5062,Sub,17
5060,Sub,17
5120,FW,15
5039,Sub,17
5126,DL,4
4130,DC,3
5054,Sub,17
5176,Sub,17
5069,FW,15
5091,AML,13
5098,Sub,17
5034,DL,4
5063,Sub,17
5191,Sub,17
5040,DL,4
2581,Sub,17
5133,Sub,17
5047,Sub,17
5146,DC,3
5196,Sub,17
5207,Sub,17
5152,DC,3
5145,Sub,17
3353,GK,1
3363,DR,2
3358,DC,3
3355,DC,3
3357,DL,4
3563,DMC,7
3359,DMC,7
3354,AMR,11
3361,AML,13
3360,Sub,17
3368,Sub,17
3791,Sub,17
3286,GK,1
3600,DR,2
3288,DC,3
3289,DL,4
3296,MC,9
3552,MC,9
3291,MC,9
3293,FWR,14
3294,FW,15
3295,FWL,16
3299,Sub,17
3292,Sub,17
3318,GK,1
3319,DR,2
3322,DC,3
3321,DC,3
3546,DL,4
3326,MC,9
3325,MC,9
3333,FWR,14
3327,FW,15
3328,FWL,16
3659,Sub,17
3334,Sub,17
3329,Sub,17
3218,GK,1
3592,DR,2
3221,DC,3
3220,DC,3
3626,DC,3
3227,DL,4
3641,MC,9
3224,MC,9
3225,ML,10
3228,FW,15
3411,Sub,17
3231,Sub,17
3605,DR,2
3388,DC,3
3649,DC,3
3389,DL,4
3391,DMC,7
3394,AMR,11
3559,AMC,12
3393,Sub,17
3520,GK,1
3521,DR,2
3542,DC,3
3524,DC,3
3622,DL,4
3522,DMC,7
3564,MR,8
3668,MC,9
3527,MC,9
3525,ML,10
3530,FW,15
3537,Sub,17
3532,Sub,17
3543,Sub,17
3703,GK,1
3340,DR,2
3351,DC,3
3349,DC,3
3338,DL,4
3606,MC,9
3741,MC,9
3343,FWR,14
3590,FW,15
3800,Sub,17
3630,Sub,17
3342,Sub,17
3744,GK,1
3486,DR,2
3487,DC,3
3488,DC,3
3489,DL,4
3491,DMC,7
3492,DMC,7
3494,AMR,11
3490,AMC,12
3745,AML,13
3493,FW,15
3495,Sub,17
3398,GK,1
3412,DR,2
3550,DC,3
3740,DC,3
3804,DL,4
3549,MC,9
3415,MC,9
3673,MC,9
3407,AMC,12
3406,FW,15
3410,FW,15
3408,Sub,17
3405,Sub,17
3409,Sub,17
3472,DR,2
3618,DC,3
3470,DC,3
3654,DL,4
3702,MR,8
3628,MC,9
3474,MC,9
3476,ML,10
3574,FW,15
3473,FW,15
3575,Sub,17
3478,Sub,17
3704,Sub,17
3805,GK,1
3305,DR,2
3308,DC,3
3304,DC,3
3645,DL,4
3307,MC,9
3312,MC,9
3638,AMC,12
3309,FW,15
3310,FW,15
3722,Sub,17
3313,Sub,17
3585,Sub,17
3416,GK,1
3420,DR,2
3417,DC,3
3418,DC,3
3298,DL,4
1134,DMC,7
3421,DMC,7
3634,AMR,11
3422,AMC,12
3683,AML,13
3635,Sub,17
3424,Sub,17
3251,GK,1
3469,DR,2
3610,DC,3
3609,DC,3
3434,DL,4
3439,DMC,7
3611,DMC,7
3441,AMR,11
3583,AMC,12
3446,AML,13
3445,FW,15
3456,Sub,17
3442,Sub,17
3612,Sub,17
3382,GK,1
3370,DR,2
3373,DC,3
3540,DC,3
3375,DL,4
3376,MC,9
3613,MC,9
3374,MC,9
3377,FWR,14
3614,FW,15
3379,FWL,16
3383,Sub,17
3380,Sub,17
3217,GK,1
3204,DC,3
3539,DC,3
3646,DL,4
3538,MC,9
3209,MC,9
3215,MC,9
3213,AMC,12
3211,FW,15
3207,Sub,17
3208,Sub,17
3503,GK,1
3504,DC,3
3689,DC,3
3505,DC,3
3759,MR,8
3508,MC,9
3509,MC,9
3516,ML,10
3513,AMC,12
3749,AMC,12
3561,FW,15
3623,Sub,17
3512,Sub,17
2998,Sub,17
3727,GK,1
3253,DR,2
3670,DC,3
3809,DC,3
3576,DL,4
3252,MR,8
3258,MC,9
3263,FW,15
3577,FW,15
3731,Sub,17
3261,Sub,17
3257,Sub,17
3250,GK,1
3239,DR,2
3666,DC,3
3555,DL,4
3240,DMC,7
3642,DMC,7
3664,AMR,11
3556,AMC,12
3244,AML,13
3245,FW,15
3243,Sub,17
3682,Sub,17
3663,Sub,17
3269,GK,1
3270,DR,2
3273,DL,4
3603,DMC,7
3569,MC,9
3275,MC,9
3667,AMC,12
3277,FW,15
3282,Sub,17
3271,Sub,17
3276,Sub,17
3451,GK,1
3607,DR,2
3457,DC,3
3677,DC,3
3464,DL,4
3324,MC,9
3458,MC,9
3570,FW,15
3460,FW,15
3465,Sub,17
3463,Sub,17
3459,Sub,17
3724,FW,15
3739,Sub,17
3356,Sub,17
3506,DC,3
3514,Sub,17
3507,Sub,17
3631,GK,1
3255,DL,4
3712,Sub,17
3502,GK,1
3582,DL,4
3438,AMC,12
3447,Sub,17
3311,DR,2
3757,DL,4
3778,Sub,17
3515,Sub,17
3223,FWR,14
3233,Sub,17
3799,Sub,17
3337,DC,3
3352,Sub,17
3698,Sub,17
3586,Sub,17
3401,Sub,17
3652,Sub,17
3534,Sub,17
3686,DR,2
3205,DL,4
3206,Sub,17
3688,GK,1
3471,DC,3
3477,Sub,17
3274,DMC,7
3186,AMC,12
3278,Sub,17
3248,Sub,17
3387,DC,3
3461,FW,15
3466,Sub,17
3608,Sub,17
3320,DC,3
3323,DL,4
3687,Sub,17
3332,Sub,17
3643,Sub,17
3369,GK,1
3371,DC,3
3378,FW,15
3350,GK,1
3339,DL,4
3272,DC,3
3222,Sub,17
3404,Sub,17
3241,DMC,7
3595,Sub,17
3580,Sub,17
3523,DC,3
3651,Sub,17
3214,DC,3
3431,DR,2
3695,MC,9
3429,MC,9
3427,MC,9
3432,Sub,17
3425,Sub,17
3547,GK,1
3482,DR,2
3771,Sub,17
3501,Sub,17
3565,DC,3
3720,DR,2
3766,AMC,12
3260,FW,15
3266,Sub,17
3467,Sub,17
3690,DL,4
3621,Sub,17
3562,Sub,17
3557,DMC,7
3390,AML,13
3449,Sub,17
3444,Sub,17
3481,DL,4
3479,MR,8
3566,Sub,17
3526,MC,9
3372,DC,3
3754,Sub,17
3336,DC,3
3770,Sub,17
3587,MC,9
3639,Sub,17
3644,Sub,17
3238,DR,2
3596,AML,13
3781,AMR,11
3571,Sub,17
3230,Sub,17
3202,MC,9
3419,DL,4
3297,Sub,17
3553,Sub,17
3265,DC,3
3268,DMC,7
3640,Sub,17
3366,FWR,14
3602,Sub,17
3345,Sub,17
3691,Sub,17
3629,MR,8
3588,Sub,17
3435,DC,3
3528,Sub,17
3303,DL,4
3789,Sub,17
3653,DC,3
3633,Sub,17
3414,GK,1
3400,DC,3
3399,DL,4
3545,GK,1
3219,Sub,17
3392,MC,9
3396,Sub,17
3331,Sub,17
3737,Sub,17
3242,Sub,17
3287,DR,2
3717,FW,15
3589,Sub,17
3436,DR,2
3597,DR,2
3548,Sub,17
3362,AMC,12
3747,Sub,17
3454,DC,3
3632,DR,2
3413,Sub,17
6434,Sub,17
3496,Sub,17
3500,Sub,17
3249,DC,3
3247,AMR,11
3554,Sub,17
3483,DL,4
3620,MC,9
3384,Sub,17
3742,Sub,17
3402,DL,4
3783,Sub,17
3453,DC,3
3397,DC,3
3499,Sub,17
3335,GK,1
3452,Sub,17
3601,Sub,17
3347,AMR,11
3573,DC,3
3758,GK,1
3787,Sub,17
3529,Sub,17
3259,Sub,17
3531,Sub,17
3386,DR,2
3212,Sub,17
3480,MC,9
3462,Sub,17
3344,Sub,17
3627,Sub,17
3302,GK,1
3762,Sub,17
3437,DL,4
3748,Sub,17
3560,Sub,17
3314,Sub,17
3428,Sub,17
3316,DC,3
3317,Sub,17
3711,AML,13
3776,Sub,17
3440,Sub,17
3604,Sub,17
3721,Sub,17
3599,DC,3
3598,FWL,16
3696,Sub,17
3705,Sub,17
3674,DMC,7
3773,MC,9
3774,Sub,17
3755,Sub,17
3568,Sub,17
3625,DC,3
3700,Sub,17
3730,Sub,17
3201,GK,1
3203,DC,3
3517,DR,2
3536,Sub,17
3283,GK,1
3423,Sub,17
3728,Sub,17
3767,Sub,17
3743,DMC,7
3658,Sub,17
3475,MC,9
3756,Sub,17
3733,Sub,17
3753,Sub,17
3751,Sub,17
3341,Sub,17
3367,Sub,17
3430,GK,1
3578,Sub,17
3256,Sub,17
3746,Sub,17
3729,Sub,17
3448,DR,2
3443,Sub,17
3229,Sub,17
3679,DC,3
3485,GK,1
3498,Sub,17
3403,DMC,7
3511,FW,15
3579,Sub,17
3734,Sub,17
3647,Sub,17
3701,Sub,17
3694,Sub,17
3364,Sub,17
3655,DL,4
3726,AMR,11
3315,FW,15
3306,Sub,17
3395,GK,1
3426,Sub,17
3636,Sub,17
3330,Sub,17
3510,Sub,17
3264,Sub,17
3433,GK,1
3497,DC,3
3533,Sub,17
3262,AMR,11
3235,MC,9
3285,Sub,17
3236,GK,1
3246,Sub,17
3381,FW,15
3584,Sub,17
3519,MC,9
3280,Sub,17
3348,Sub,17
3281,Sub,17
3300,MC,9
3572,DC,3
3681,DC,3
3685,Sub,17
3661,Sub,17
3558,Sub,17
3581,DC,3
3699,DR,2
3707,Sub,17
3714,Sub,17
3706,Sub,17
3713,Sub,17
3692,DR,2
3709,Sub,17
3710,DC,3
3684,Sub,17
3676,DR,2
3678,Sub,17
3672,GK,1
3671,Sub,17
5690,GK,1
5691,DR,2
5805,Sub,17
5796,DR,2
5654,MC,9
5730,FW,15
5657,FWL,16
5785,Sub,17
5656,Sub,17
5701,FW,15
5700,Sub,17
5646,DMC,7
5806,Sub,17
5671,GK,1
4744,DR,2
4734,DC,3
5673,DC,3
5672,DL,4
4741,DMC,7
5677,AMC,12
5676,AML,13
5675,Sub,17
5769,Sub,17
5729,Sub,17
5614,GK,1
5692,DR,2
5624,DC,3
5617,DC,3
5784,DL,4
5620,MR,8
5725,MC,9
5621,ML,10
5622,FW,15
4805,FW,15
5623,Sub,17
5626,Sub,17
5693,Sub,17
5712,DC,3
5713,DL,4
5717,MC,9
5776,MC,9
5627,GK,1
5628,DR,2
5050,DC,3
5629,DC,3
5720,DL,4
5633,MC,9
5739,MC,9
5697,MC,9
5634,FWR,14
5637,FW,15
5636,FWL,16
4708,Sub,17
5631,Sub,17
5638,Sub,17
5647,DR,2
5648,DC,3
5699,DL,4
5649,FWR,14
5777,FWL,16
3962,Sub,17
4768,Sub,17
5740,Sub,17
3022,DC,3
5737,Sub,17
3785,DR,2
4345,DC,3
3697,Sub,17
2856,DL,4
5714,Sub,17
4804,DC,3
3657,MC,9
5632,DC,3
5641,Sub,17
5794,Sub,17
5755,DL,4
5708,DL,4
3772,Sub,17
5787,Sub,17
3764,DC,3
3750,ML,10
5674,DMC,7
5778,Sub,17
5619,Sub,17
5703,Sub,17
5653,GK,1
5698,MC,9
5639,FW,15
4837,Sub,17
5705,Sub,17
5680,Sub,17
5679,Sub,17
5666,DC,3
3786,Sub,17
4403,Sub,17
1064,AMC,12
5696,Sub,17
5718,FW,15
3484,Sub,17
5763,ML,10
5667,DC,3
5731,DC,3
5658,Sub,17
5670,Sub,17
5609,MC,9
5608,Sub,17
5774,Sub,17
5694,DC,3
5616,MC,9
5642,DC,3
5630,DC,3
5766,GK,1
4782,Sub,17
5727,MR,8
5746,Sub,17
5804,Sub,17
5723,DC,3
5735,Sub,17
5791,DL,4
3795,Sub,17
5684,Sub,17
4746,DC,3
5661,Sub,17
5635,ML,10
5734,DMR,5
5695,MC,9
5762,Sub,17
5759,Sub,17
4869,DC,3
4710,Sub,17
5726,Sub,17
4793,DMC,7
4740,Sub,17
5611,Sub,17
5722,Sub,17
1750,Sub,17
1776,Sub,17
5542,Sub,17
4422,Sub,17
1748,Sub,17
1762,Sub,17
1745,DL,4
1752,DL,4
1667,GK,1
5557,Sub,17
5565,FWL,16
1412,MC,9
1177,Sub,17
1327,Sub,17
1280,Sub,17
1304,Sub,17
1176,Sub,17
4929,Sub,17
3978,Sub,17
1114,Sub,17
4975,Sub,17
4160,DC,3
5144,Sub,17
5134,Sub,17
5092,Sub,17
5214,GK,1
5347,Sub,17
4339,Sub,17
2699,Sub,17
5235,Sub,17
5251,Sub,17
5332,Sub,17
5306,FW,15
5771,Sub,17
5644,Sub,17
5645,GK,1
5786,Sub,17
5793,Sub,17
4859,Sub,17
3535,Sub,17
5640,Sub,17
5764,Sub,17
5773,Sub,17
1390,Sub,17
1476,DL,4
1343,Sub,17
4932,Sub,17
972,Sub,17
1777,Sub,17
4441,Sub,17
5555,Sub,17
1791,Sub,17
782,DL,4
5125,DC,3
5173,Sub,17
5157,DC,3
5059,GK,1
2478,Sub,17
2277,Sub,17
5164,Sub,17
5149,Sub,17
5263,DR,2
4245,MC,9
2685,Sub,17
5269,Sub,17
5324,Sub,17
5303,Sub,17
5323,Sub,17
4244,Sub,17
5750,Sub,17
5754,Sub,17
3518,GK,1
5772,Sub,17
5668,DL,4
5650,DL,4
5652,Sub,17
4742,GK,1
5343,Sub,17
304,DR,2
5655,Sub,17
5558,Sub,17
1735,Sub,17
5586,Sub,17
5550,Sub,17
4430,Sub,17
5545,MC,9
5556,Sub,17
5543,Sub,17
5551,MR,8
5554,Sub,17
4406,MR,8
5549,DMC,7
976,Sub,17
934,DMC,7
5563,Sub,17
4401,GK,1
5576,DL,4
5571,Sub,17
5560,Sub,17
1747,DC,3
5559,Sub,17
5553,Sub,17
5601,Sub,17
5575,GK,1
5574,DL,4
5597,FWL,16
5598,Sub,17
5548,Sub,17
4906,Sub,17
4951,Sub,17
2031,Sub,17
4942,Sub,17
1627,Sub,17
1560,Sub,17
4938,Sub,17
4939,DC,3
4959,MC,9
4912,Sub,17
4904,Sub,17
4907,DR,2
4937,Sub,17
4450,Sub,17
4930,Sub,17
5026,Sub,17
3943,MC,9
4004,Sub,17
4936,Sub,17
4922,Sub,17
3763,Sub,17
4923,Sub,17
1538,Sub,17
4895,Sub,17
4933,Sub,17
1591,Sub,17
1624,Sub,17
1278,GK,1
1158,Sub,17
4941,MR,8
4903,Sub,17
1805,GK,1
4934,Sub,17
4914,Sub,17
1388,GK,1
1175,GK,1
4905,Sub,17
4902,DC,3
1498,Sub,17
1413,Sub,17
3821,Sub,17
4924,Sub,17
4955,Sub,17
1155,MC,9
4983,Sub,17
4935,MC,9
4918,Sub,17
1216,GK,1
4943,Sub,17
1302,GK,1
4921,Sub,17
4925,Sub,17
1578,GK,1
4913,Sub,17
1555,GK,1
4894,Sub,17
5302,Sub,17
5230,MC,9
5326,Sub,17
295,Sub,17
5345,Sub,17
4336,DR,2
5308,FW,15
5221,Sub,17
5238,Sub,17
5309,Sub,17
5243,Sub,17
5289,Sub,17
5280,Sub,17
5281,Sub,17
5330,DC,3
5226,DMC,7
5299,DMC,7
4291,Sub,17
5240,Sub,17
5261,DC,3
5278,DC,3
5279,Sub,17
5258,Sub,17
5255,GK,1
5223,Sub,17
5233,Sub,17
5296,Sub,17
51,GK,1
5225,Sub,17
5297,Sub,17
2624,Sub,17
2698,GK,1
5322,Sub,17
5260,GK,1
5298,Sub,17
5364,Sub,17
5360,Sub,17
5187,Sub,17
5049,GK,1
5070,GK,1
2479,Sub,17
2418,DR,2
5041,Sub,17
2468,Sub,17
5085,DR,2
5104,DC,3
5106,FWR,14
4182,Sub,17
5103,MC,9
5031,AMR,11
5035,DC,3
5153,DL,4
5046,Sub,17
5082,Sub,17
5064,DC,3
4185,MC,9
5089,DC,3
5139,Sub,17
5032,Sub,17
2570,Sub,17
5052,Sub,17
5179,MC,9
5058,Sub,17
5142,Sub,17
5150,Sub,17
5136,DL,4
5102,Sub,17
2519,Sub,17
5079,FW,15
5107,Sub,17
5081,MC,9
5056,DC,3
5033,GK,1
5132,Sub,17
2415,GK,1
5140,Sub,17
5127,GK,1
5710,Sub,17
5706,Sub,17
5716,Sub,17
5732,DR,2
5711,Sub,17
5665,Sub,17
5659,Sub,17
5643,Sub,17
5770,Sub,17
5660,Sub,17
5682,Sub,17
5704,DMC,7
5612,AMR,11
5662,Sub,17
5663,MC,9
5741,Sub,17
5687,Sub,17
5418,DC,3
5618,Sub,17
4833,Sub,17
5724,Sub,17
5719,Sub,17
5625,Sub,17
5607,Sub,17
5728,Sub,17
5721,Sub,17
5709,AMR,11
5651,Sub,17
5761,Sub,17
5715,Sub,17
5757,Sub,17
5686,DL,4
5669,GK,1
5702,Sub,17
5689,Sub,17
5678,GK,1
5745,DL,4
5685,Sub,17
5733,Sub,17
5681,Sub,17
5613,Sub,17
5615,DR,2
5606,Sub,17
5738,AMC,12
5753,DC,3
5751,Sub,17
4709,GK,1
5664,Sub,17
3719,GK,1
5748,Sub,17
4440,MC,9
1086,Sub,17
984,DC,3
4404,MC,9
4419,Sub,17
4408,MC,9
4390,GK,1
4392,DR,2
4444,DC,3
4398,DL,4
4394,ML,10
4393,Sub,17
4396,Sub,17
4433,DC,3
1004,Sub,17
4367,Sub,17
4386,FW,15
1771,DC,3
4383,Sub,17
4435,Sub,17
4421,DC,3
4426,DC,3
4464,ML,10
4472,Sub,17
4425,Sub,17
4387,FW,15
4389,Sub,17
1008,Sub,17
4434,FW,15
4402,Sub,17
4442,Sub,17
4418,AMC,12
4468,Sub,17
4415,GK,1
4410,DC,3
4413,MC,9
4414,FW,15
994,Sub,17
4437,Sub,17
968,Sub,17
4420,Sub,17
4397,Sub,17
4399,Sub,17
4395,Sub,17
4467,Sub,17
4445,Sub,17
4388,Sub,17
1788,Sub,17
4463,Sub,17
4481,Sub,17
4400,Sub,17
4473,Sub,17
4475,GK,1
1041,DC,3
4423,Sub,17
1035,Sub,17
4446,Sub,17
4457,Sub,17
1020,Sub,17
4427,ML,10
4409,GK,1
4411,DC,3
4471,Sub,17
4432,Sub,17
4431,Sub,17
4443,Sub,17
4439,DL,4
4462,Sub,17
4436,Sub,17
758,GK,1
4438,DC,3
4391,DR,2
4429,DC,3
918,DR,2
4461,Sub,17
1790,Sub,17
1049,Sub,17
4405,Sub,17
1044,Sub,17
4384,Sub,17
4412,DML,6
4489,Sub,17
4455,GK,1
3829,Sub,17
4488,Sub,17
1759,GK,1
912,Sub,17
1092,Sub,17
4454,Sub,17
4497,ML,10
4492,Sub,17
4448,DR,2
4385,Sub,17
4493,Sub,17
4485,Sub,17
3871,Sub,17
4491,Sub,17
3814,AMC,12
1062,Sub,17
4495,DC,3
4456,Sub,17
1755,Sub,17
4428,Sub,17
4460,GK,1
4487,Sub,17
4447,Sub,17
4416,Sub,17
4507,Sub,17
4508,Sub,17
4500,Sub,17
4469,Sub,17
4499,Sub,17
4503,Sub,17
4505,Sub,17
4513,Sub,17
4528,MC,9
4530,DC,3
4531,Sub,17
1761,Sub,17
4532,Sub,17
4479,Sub,17
4525,Sub,17
3815,Sub,17
3848,FW,15
1952,DR,2
3869,FWL,16
3866,Sub,17
2022,GK,1
3842,DC,3
3818,DL,4
3819,FWL,16
3820,Sub,17
3870,DC,3
3873,DR,2
1982,MC,9
3896,Sub,17
3895,Sub,17
3894,Sub,17
3909,DC,3
3910,DL,4
3906,Sub,17
3885,DC,3
3851,GK,1
3852,DR,2
3853,DC,3
1242,DC,3
1632,DL,4
3859,MC,9
3861,Sub,17
3856,Sub,17
3854,Sub,17
3849,GK,1
1639,Sub,17
2810,DL,4
3904,Sub,17
3913,DR,2
3836,GK,1
3830,MC,9
3831,FW,15
3832,FW,15
3833,Sub,17
3825,MC,9
1392,GK,1
1941,Sub,17
3875,Sub,17
3901,DC,3
3899,Sub,17
3898,Sub,17
3880,MC,9
3878,FW,15
3813,Sub,17
3931,GK,1
3907,Sub,17
3855,MC,9
3857,Sub,17
3858,Sub,17
3839,Sub,17
2030,DR,2
3850,DMC,7
3810,Sub,17
3886,MC,9
3823,MC,9
3843,Sub,17
3897,Sub,17
3876,Sub,17
1968,Sub,17
3838,DC,3
3893,Sub,17
1990,Sub,17
3912,DR,2
3863,DR,2
3864,Sub,17
3847,Sub,17
3872,Sub,17
3890,Sub,17
3835,Sub,17
3860,Sub,17
3928,FW,15
3908,Sub,17
3905,Sub,17
3948,Sub,17
3826,Sub,17
3822,Sub,17
3929,Sub,17
3933,Sub,17
3914,Sub,17
2052,Sub,17
3816,DL,4
1479,GK,1
3868,Sub,17
1625,GK,1
3889,DR,2
3924,DL,4
3925,Sub,17
3834,FW,15
3958,MC,9
3865,Sub,17
3837,DC,3
3891,Sub,17
3922,Sub,17
2002,Sub,17
3937,MC,9
3936,Sub,17
3923,Sub,17
3938,DR,2
3932,Sub,17
3961,Sub,17
3817,DL,4
3812,Sub,17
3970,ML,10
3915,Sub,17
3967,MC,9
3964,Sub,17
3882,DR,2
3824,DL,4
3981,DC,3
3811,Sub,17
3992,Sub,17
3995,Sub,17
3997,DML,6
3998,MC,9
4005,Sub,17
4009,Sub,17
3877,Sub,17
3960,Sub,17
3985,Sub,17
3983,GK,1
3990,Sub,17
3927,GK,1
3988,Sub,17
4011,MC,9
4010,Sub,17
3986,Sub,17
4022,Sub,17
3989,ML,10
4017,Sub,17
3879,Sub,17
4001,DMR,5
4003,Sub,17
3987,Sub,17
4019,Sub,17
4012,Sub,17
3841,Sub,17
4002,Sub,17
4000,Sub,17
4024,AMC,12
4016,Sub,17
4026,Sub,17
4031,DMR,5
4027,DC,3
3845,Sub,17
3884,DMC,7
4029,Sub,17
4008,Sub,17
4299,AMR,11
4278,DR,2
4270,DL,4
4287,Sub,17
4239,DMC,7
4281,Sub,17
4272,DC,3
4274,AMC,12
4241,DC,3
4256,GK,1
4295,DR,2
4258,DC,3
4231,DC,3
4259,DL,4
4265,MR,8
4260,MC,9
4266,MC,9
4296,ML,10
4263,FW,15
4264,Sub,17
4261,Sub,17
4234,DMC,7
416,MC,9
4330,Sub,17
4282,Sub,17
4237,AMR,11
4249,DR,2
4242,DC,3
4238,Sub,17
4293,Sub,17
4253,DC,3
4257,DR,2
4300,Sub,17
4268,DC,3
4297,Sub,17
4286,DMC,7
143,FW,15
4277,Sub,17
4312,Sub,17
4273,DC,3
4276,Sub,17
4285,Sub,17
428,GK,1
4235,Sub,17
4315,Sub,17
4317,Sub,17
2677,Sub,17
4267,DL,4
4279,GK,1
410,AMC,12
4275,Sub,17
4307,Sub,17
4262,ML,10
4240,Sub,17
4311,ML,10
2670,GK,1
4329,Sub,17
4328,Sub,17
4283,ML,10
4333,Sub,17
4294,DR,2
4290,Sub,17
4325,DR,2
4289,Sub,17
4301,GK,1
4309,Sub,17
389,Sub,17
2686,GK,1
4338,ML,10
4334,Sub,17
4255,Sub,17
4344,Sub,17
4342,Sub,17
4366,FW,15
4348,Sub,17
4349,Sub,17
4360,GK,1
4347,Sub,17
2676,Sub,17
4346,Sub,17
2729,Sub,17
4354,Sub,17
4355,Sub,17
4352,Sub,17
4362,DMC,7
4316,Sub,17
4372,AMC,12
4370,Sub,17
4233,GK,1
4371,Sub,17
4323,Sub,17
4373,Sub,17
4361,Sub,17
4353,DL,4
4363,Sub,17
4374,Sub,17
4356,Sub,17
4379,Sub,17
4377,Sub,17
4378,Sub,17
4054,Sub,17
4075,DC,3
4074,Sub,17
4071,DC,3
4072,DMC,7
4152,AMC,12
4146,AML,13
4079,Sub,17
4069,Sub,17
4078,Sub,17
4093,Sub,17
4108,AMR,11
4159,Sub,17
4096,DMC,7
4097,GK,1
2587,GK,1
4129,Sub,17
4102,GK,1
4059,DC,3
4060,AMC,12
4123,DC,3
4120,AML,13
4122,Sub,17
4084,DC,3
4086,AMC,12
4094,AML,13
4148,Sub,17
2528,Sub,17
4106,GK,1
4139,DC,3
4132,DC,3
4131,DL,4
4137,DMC,7
4157,AMC,12
4133,FW,15
4136,Sub,17
2620,Sub,17
4077,DC,3
4114,DL,4
4111,AMR,11
4110,Sub,17
4116,Sub,17
4115,Sub,17
4052,DR,2
4049,DL,4
4050,AMR,11
4081,AMC,12
4043,AML,13
4047,Sub,17
4046,Sub,17
4045,Sub,17
4038,FW,15
4039,Sub,17
4135,AML,13
4134,Sub,17
4061,DC,3
4066,AMC,12
4070,AML,13
4145,Sub,17
4184,Sub,17
4164,MC,9
4156,Sub,17
4125,Sub,17
4101,Sub,17
4143,DR,2
4142,Sub,17
4113,Sub,17
4170,Sub,17
2617,GK,1
4118,Sub,17
4127,Sub,17
4088,Sub,17
4112,Sub,17
4056,GK,1
4062,GK,1
4064,Sub,17
4196,Sub,17
4065,Sub,17
4087,Sub,17
4090,Sub,17
4051,Sub,17
4186,Sub,17
2105,GK,1
2590,Sub,17
4155,Sub,17
4103,Sub,17
4105,Sub,17
4128,Sub,17
4048,Sub,17
4126,DMC,7
4197,Sub,17
2517,Sub,17
4095,GK,1
4140,GK,1
4121,GK,1
4154,DC,3
4067,DMC,7
4041,GK,1
4117,DC,3
4109,DL,4
4167,Sub,17
1976,DL,4
4092,DL,4
4141,DC,3
4205,Sub,17
4194,Sub,17
4158,AML,13
4083,GK,1
4082,Sub,17
4063,DR,2
4044,Sub,17
4104,AML,13
4151,DL,4
4124,DC,3
4085,AMC,12
4076,Sub,17
4138,Sub,17
4089,Sub,17
2543,Sub,17
4099,Sub,17
4183,DL,4
4191,Sub,17
4188,Sub,17
4150,DR,2
4176,Sub,17
4190,Sub,17
4181,Sub,17
4192,Sub,17
4189,Sub,17
4178,DL,4
4180,DMC,7
4177,Sub,17
4144,Sub,17
4153,Sub,17
4208,AMC,12
4073,Sub,17
2427,Sub,17
4219,Sub,17
4213,Sub,17
4080,DR,2
4173,MC,9
4218,Sub,17
4209,Sub,17
4216,Sub,17
4207,DC,3
4217,MC,9
4206,Sub,17
4211,Sub,17
4215,Sub,17
4227,Sub,17
4223,FW,15
4221,Sub,17
2567,Sub,17
2619,GK,1
4232,Sub,17
4731,GK,1
4732,DR,2
4733,DC,3
4779,DC,3
4735,DMC,7
4736,DMC,7
4737,AMC,12
4738,Sub,17
4781,Sub,17
4780,Sub,17
4747,FW,15
3802,Sub,17
4719,DC,3
4210,DC,3
4813,DMC,7
4713,DMC,7
4716,AML,13
4787,FW,15
4712,Sub,17
4721,Sub,17
4715,Sub,17
4750,DR,2
4701,DR,2
4725,DMC,7
4694,FW,15
4722,Sub,17
4723,DR,2
4724,Sub,17
4728,MC,9
4756,DR,2
4753,AMC,12
4758,FW,15
4706,AML,13
4699,DC,3
4761,DC,3
4763,GK,1
4824,DR,2
4765,DC,3
4766,DC,3
4767,DL,4
4769,MC,9
4771,FWR,14
4770,FW,15
4772,FWL,16
4776,Sub,17
4777,Sub,17
4778,Sub,17
4809,Sub,17
4785,Sub,17
4717,Sub,17
4818,Sub,17
4702,DMC,7
4704,FW,15
4774,Sub,17
4752,DR,2
4727,Sub,17
4775,DL,4
4825,Sub,17
4795,Sub,17
4711,DL,4
4714,AMC,12
3284,Sub,17
4745,DMC,7
4820,FW,15
4749,Sub,17
4792,Sub,17
4798,DC,3
4802,FW,15
4826,Sub,17
4823,GK,1
4790,Sub,17
4759,DC,3
2999,Sub,17
4821,Sub,17
4783,Sub,17
4726,AMR,11
4739,Sub,17
4718,FW,15
4786,Sub,17
1063,DC,3
4703,Sub,17
4705,DC,3
4729,Sub,17
4700,Sub,17
4828,Sub,17
4755,Sub,17
4816,DC,3
4730,GK,1
4773,Sub,17
2952,DL,4
4743,DC,3
4806,Sub,17
4784,Sub,17
4799,Sub,17
4757,Sub,17
4807,Sub,17
3807,Sub,17
4853,Sub,17
3784,DC,3
4754,Sub,17
4762,Sub,17
4848,Sub,17
4751,MR,8
4794,DC,3
4846,Sub,17
4841,MC,9
4867,Sub,17
3708,Sub,17
4860,Sub,17
4797,Sub,17
4819,Sub,17
4801,Sub,17
4849,Sub,17
4830,Sub,17
4832,Sub,17
4834,Sub,17
4844,Sub,17
4855,Sub,17
4836,FW,15
4851,FW,15
4838,DC,3
4842,Sub,17
4856,Sub,17
4870,Sub,17
3801,Sub,17
4812,Sub,17
4845,Sub,17
4864,Sub,17
4789,DMC,7
4850,AMC,12
4871,Sub,17
3551,Sub,17
4791,Sub,17
4866,Sub,17
4881,Sub,17
4880,DC,3
4840,Sub,17
4875,GK,1
3736,Sub,17
4892,Sub,17
4839,MC,9
4887,Sub,17
4788,DR,2
4890,Sub,17
4891,DMC,7
4889,FW,15
4883,DC,3
4884,Sub,17
6026,Sub,17
3979,DC,3
5562,Sub,17
6027,DC,3
6029,DR,2
6030,DC,3
6031,DC,3
6032,DL,4
6033,DMC,7
6034,DMC,7
705,AMC,12
6037,Sub,17
6035,Sub,17
6036,Sub,17
6045,AMC,12
6046,DR,2
6047,DC,3
6048,DC,3
6049,MR,8
6051,MC,9
6050,MC,9
6052,Sub,17
6054,GK,1
6062,DMC,7
885,DR,2
1679,Sub,17
6039,Sub,17
6063,Sub,17
6230,Sub,17
6231,Sub,17
6249,Sub,17
6276,Sub,17
5552,Sub,17
6283,Sub,17
6038,Sub,17
6296,Sub,17
6040,Sub,17
6301,Sub,17
6328,Sub,17
1778,Sub,17
6105,DL,4
6080,Sub,17
5593,DR,2
6384,Sub,17
6104,Sub,17
6344,Sub,17
6303,DML,6
6418,Sub,17
6139,Sub,17
6044,Sub,17
6369,Sub,17
2958,Sub,17
6409,AMC,12
6055,Sub,17
6389,Sub,17
6299,DC,3
6410,DC,3
6464,Sub,17
6067,Sub,17
5453,DR,2
5568,Sub,17
6477,FW,15
6430,Sub,17
6492,Sub,17
6421,Sub,17
6504,Sub,17
6456,Sub,17
5767,Sub,17
6525,MC,9
6526,Sub,17
6531,AML,13
6532,GK,1
6542,Sub,17
6561,Sub,17
5584,DR,2
6482,Sub,17
6681,Sub,17
6722,DC,3
6544,Sub,17
6042,DC,3
6630,MC,9
6657,MC,9
6756,Sub,17
6457,MC,9
6129,GK,1
6130,FW,15
6155,ML,10
6156,Sub,17
1257,GK,1
6171,DC,3
3769,FWR,14
6172,Sub,17
2037,FW,15
6176,Sub,17
1455,GK,1
6178,DC,3
6179,DC,3
6180,DMR,5
6181,MC,9
6182,MC,9
6183,Sub,17
6191,DR,2
6192,DC,3
6193,MR,8
6194,MC,9
6197,Sub,17
6195,Sub,17
6196,Sub,17
6201,FW,15
6203,Sub,17
6202,Sub,17
6206,DC,3
6168,DC,3
6170,Sub,17
6204,Sub,17
6108,Sub,17
6162,Sub,17
6187,Sub,17
6185,Sub,17
6208,Sub,17
6235,FW,15
6169,Sub,17
6173,Sub,17
6157,MR,8
6211,Sub,17
6177,Sub,17
6247,Sub,17
6262,DR,2
6160,Sub,17
6286,Sub,17
6207,Sub,17
6295,FW,15
6134,Sub,17
2058,Sub,17
1993,Sub,17
6131,DR,2
6133,DC,3
6252,DC,3
4896,DC,3
6159,Sub,17
6285,Sub,17
6205,Sub,17
1818,Sub,17
6190,Sub,17
1831,Sub,17
6313,Sub,17
1998,Sub,17
6372,Sub,17
6362,DR,2
6300,Sub,17
2012,Sub,17
6253,Sub,17
6210,MC,9
6161,Sub,17
6312,Sub,17
6199,Sub,17
6213,Sub,17
6406,Sub,17
6174,DC,3
2042,Sub,17
6466,Sub,17
6212,DC,3
6502,FWR,14
6517,Sub,17
6518,DC,3
1892,GK,1
6530,Sub,17
6536,Sub,17
6512,Sub,17
6506,Sub,17
4908,DC,3
6516,MC,9
6519,DC,3
6314,Sub,17
6551,Sub,17
3951,DC,3
5025,Sub,17
4917,Sub,17
6467,Sub,17
6132,GK,1
6236,GK,1
6556,Sub,17
6428,Sub,17
6277,Sub,17
6546,DC,3
6375,MC,9
6567,DL,4
6468,Sub,17
5825,DC,3
6655,Sub,17
6649,Sub,17
4940,Sub,17
6648,Sub,17
6719,Sub,17
6107,Sub,17
3973,Sub,17
6167,GK,1
5162,DR,2
6076,Sub,17
6078,GK,1
6124,FW,15
6125,Sub,17
6114,DC,3
1003,DMR,5
6115,DML,6
6116,MC,9
6117,MC,9
6118,AMC,12
6119,Sub,17
2074,MC,9
6135,Sub,17
6149,DC,3
6150,Sub,17
6151,DC,3
6152,MR,8
2532,ML,10
6153,FW,15
6154,Sub,17
6163,DR,2
6164,DMC,7
6165,MC,9
6166,Sub,17
3061,Sub,17
6214,GK,1
6215,DC,3
6216,DC,3
6217,MC,9
4034,MC,9
6218,Sub,17
6219,FW,15
5201,Sub,17
6224,GK,1
6225,DC,3
6226,Sub,17
6220,DC,3
6074,Sub,17
6121,Sub,17
6122,Sub,17
5206,AML,13
6079,DMC,7
6241,Sub,17
6222,Sub,17
6136,DC,3
6242,Sub,17
2350,Sub,17
5209,ML,10
6288,Sub,17
6318,DL,4
6297,DMC,7
6325,DR,2
6073,DC,3
6227,MC,9
1594,Sub,17
6243,DR,2
6248,DL,4
5197,DR,2
6342,Sub,17
6354,Sub,17
6363,GK,1
6244,Sub,17
6120,GK,1
6367,Sub,17
2534,GK,1
6376,DC,3
6347,Sub,17
6368,Sub,17
5148,Sub,17
5199,Sub,17
6221,Sub,17
5198,DR,2
6404,Sub,17
6426,Sub,17
6427,Sub,17
6341,Sub,17
6441,Sub,17
6442,DC,3
6469,DMC,7
6470,Sub,17
6494,Sub,17
6471,DC,3
5112,GK,1
6496,Sub,17
6515,Sub,17
6528,FW,15
6481,DL,4
6534,DL,4
6537,DL,4
6538,MC,9
6485,DL,4
6521,DC,3
6533,Sub,17
6473,Sub,17
6455,Sub,17
6550,Sub,17
6569,FW,15
5184,Sub,17
6572,DL,4
6509,GK,1
6637,Sub,17
6659,DR,2
5178,Sub,17
6688,DL,4
6689,Sub,17
5194,Sub,17
6343,Sub,17
2449,Sub,17
6075,GK,1
6573,GK,1
6738,DR,2
6739,DC,3
6740,Sub,17
6720,Sub,17
6619,MR,8
6675,Sub,17
6757,Sub,17
6749,Sub,17
6673,Sub,17
6371,DR,2
6759,Sub,17
6760,Sub,17
6763,Sub,17
6269,GK,1
6716,Sub,17
6495,GK,1
6081,DMC,7
6082,GK,1
6083,ML,10
6085,DC,3
6086,DL,4
6087,MR,8
6088,MC,9
6089,FW,15
6090,FW,15
6094,DL,4
6096,Sub,17
107,GK,1
6097,DC,3
6098,FW,15
6100,DC,3
6101,AML,13
6102,Sub,17
6103,DL,4
6109,DMC,7
2611,DC,3
6142,FW,15
6143,ML,10
6144,FW,15
6145,FW,15
6147,MC,9
6084,Sub,17
6092,Sub,17
6099,Sub,17
6229,MR,8
6271,Sub,17
6272,MR,8
5311,MC,9
6274,Sub,17
6270,Sub,17
6289,Sub,17
6298,Sub,17
6228,Sub,17
6316,DC,3
6317,Sub,17
1786,Sub,17
5232,Sub,17
6148,Sub,17
6110,GK,1
5355,Sub,17
5300,DL,4
6338,FW,15
6323,Sub,17
6353,Sub,17
6326,DC,3
6351,FWL,16
6352,Sub,17
6348,Sub,17
6091,Sub,17
5329,DC,3
6357,Sub,17
6273,Sub,17
6345,Sub,17
6327,Sub,17
449,GK,1
6386,Sub,17
6392,DC,3
6414,DC,3
6415,Sub,17
6416,Sub,17
6408,Sub,17
6356,Sub,17
5340,Sub,17
5321,Sub,17
6449,Sub,17
6450,Sub,17
6448,MC,9
6446,Sub,17
6484,Sub,17
6475,FW,15
6476,Sub,17
6095,GK,1
5293,Sub,17
6505,DC,3
6445,Sub,17
6474,Sub,17
6523,FWR,14
6490,Sub,17
6508,Sub,17
6568,AML,13
5328,GK,1
6626,Sub,17
6638,Sub,17
6522,Sub,17
6483,Sub,17
6540,DC,3
6656,Sub,17
6595,DC,3
6403,DC,3
6699,DC,3
6411,MC,9
6642,FWR,14
6710,FWL,16
6698,Sub,17
5317,Sub,17
6708,MC,9
6597,Sub,17
5956,Sub,17
5957,GK,1
5958,DR,2
5960,DC,3
5959,DC,3
5961,MR,8
5962,MC,9
5963,MC,9
5964,ML,10
5965,FW,15
5968,Sub,17
5966,Sub,17
5967,Sub,17
5736,Sub,17
5974,GK,1
5975,DR,2
5976,DC,3
4811,DMC,7
5977,MR,8
5978,MC,9
5979,FW,15
5981,Sub,17
5982,Sub,17
5980,Sub,17
5987,DMC,7
5988,Sub,17
5990,DL,4
5991,MC,9
5992,Sub,17
5994,DR,2
5995,Sub,17
5996,Sub,17
5998,DC,3
5999,DL,4
6000,DMC,7
6001,Sub,17
5707,MC,9
6009,Sub,17
6008,Sub,17
6010,DC,3
5803,MC,9
6011,MC,9
6012,AML,13
6013,Sub,17
6014,Sub,17
6017,Sub,17
6019,MR,8
6021,MC,9
5997,Sub,17
5973,Sub,17
6018,Sub,17
6058,DL,4
5969,Sub,17
6059,Sub,17
5989,Sub,17
6006,Sub,17
5985,Sub,17
6015,GK,1
6016,Sub,17
6069,AML,13
2855,DMC,7
5986,Sub,17
6111,FWL,16
5509,Sub,17
5970,DL,4
4670,FW,15
6056,DR,2
6112,DMC,7
6057,Sub,17
6113,Sub,17
6251,Sub,17
6060,MC,9
6240,Sub,17
6239,Sub,17
6232,FW,15
6233,DL,4
5688,GK,1
6279,MR,8
6234,DMC,7
5993,Sub,17
6292,GK,1
6293,DC,3
6238,Sub,17
5983,Sub,17
6281,Sub,17
6264,AML,13
6307,Sub,17
6315,Sub,17
6258,Sub,17
6340,Sub,17
6332,Sub,17
6003,DC,3
6335,Sub,17
6361,Sub,17
6355,FW,15
6020,Sub,17
6379,Sub,17
5789,Sub,17
6004,AMC,12
3788,Sub,17
6395,Sub,17
6061,Sub,17
6127,MC,9
6308,MC,9
6310,Sub,17
6394,Sub,17
6405,Sub,17
6401,Sub,17
6007,Sub,17
6419,Sub,17
6407,Sub,17
5984,Sub,17
6365,DR,2
5810,DC,3
6064,GK,1
6370,Sub,17
6436,Sub,17
4748,Sub,17
6478,Sub,17
5971,GK,1
6433,DC,3
6487,AML,13
6486,FW,15
6066,Sub,17
6334,Sub,17
6280,DL,4
6500,Sub,17
6002,GK,1
6263,DC,3
5800,FW,15
1056,Sub,17
6552,Sub,17
6555,Sub,17
6128,Sub,17
6514,DL,4
6601,Sub,17
6623,Sub,17
6489,Sub,17
6070,Sub,17
6535,Sub,17
6711,Sub,17
6712,Sub,17
6396,Sub,17
6734,ML,10
5790,Sub,17
6762,Sub,17
6817,MC,9
6818,AMC,12
6819,Sub,17
6841,Sub,17
6842,Sub,17
6833,DR,2
6834,DL,4
6836,MC,9
6835,MC,9
6837,FWL,16
6838,Sub,17
6820,MR,8
6821,GK,1
6822,DR,2
6823,DC,3
959,DL,4
6824,MR,8
6826,MC,9
6825,MC,9
6827,FW,15
6828,Sub,17
6829,Sub,17
6830,Sub,17
6849,GK,1
6850,DC,3
6851,DC,3
6852,DMR,5
6853,MC,9
6854,FWL,16
6856,Sub,17
6857,Sub,17
6855,Sub,17
6893,AMC,12
6894,Sub,17
6891,DR,2
6892,DC,3
6928,FW,15
2641,MC,9
7076,GK,1
7077,DC,3
7063,Sub,17
6831,DL,4
6651,Sub,17
7184,DC,3
7120,Sub,17
7216,Sub,17
7199,MC,9
7215,Sub,17
7219,Sub,17
6306,DC,3
7280,MR,8
7281,Sub,17
6840,Sub,17
7236,Sub,17
5573,Sub,17
7198,Sub,17
6839,Sub,17
7314,Sub,17
7078,Sub,17
7326,DR,2
7312,Sub,17
6843,GK,1
5544,GK,1
7322,Sub,17
4483,Sub,17
7335,Sub,17
7340,Sub,17
6666,Sub,17
7384,Sub,17
7390,Sub,17
7420,Sub,17
7437,DR,2
5602,Sub,17
7438,Sub,17
6424,DL,4
7439,Sub,17
7487,Sub,17
7490,Sub,17
7458,Sub,17
7459,Sub,17
7332,Sub,17
7546,Sub,17
7582,GK,1
6041,GK,1
636,Sub,17
6960,Sub,17
6962,GK,1
6963,Sub,17
6672,Sub,17
3065,DC,3
7092,DC,3
7091,FW,15
7090,FW,15
6989,DR,2
6991,MC,9
6990,MC,9
6996,DC,3
6997,Sub,17
6998,Sub,17
7002,DC,3
7003,MC,9
7006,AMC,12
6977,GK,1
6978,DR,2
6979,DC,3
6980,FW,15
6981,Sub,17
6971,DML,6
6972,FW,15
7013,Sub,17
7015,FW,15
7016,Sub,17
6994,FWR,14
7001,Sub,17
7096,DC,3
7082,DR,2
6987,Sub,17
7083,Sub,17
7018,DC,3
6985,Sub,17
6986,Sub,17
6282,FW,15
6965,DC,3
6999,Sub,17
7088,Sub,17
2040,Sub,17
7097,Sub,17
6974,Sub,17
7081,Sub,17
3965,DC,3
7086,Sub,17
7084,Sub,17
6973,DC,3
6993,Sub,17
6686,Sub,17
4970,Sub,17
7190,Sub,17
7178,Sub,17
6982,GK,1
7218,DC,3
6964,Sub,17
7227,Sub,17
7095,GK,1
7000,Sub,17
6753,Sub,17
6975,Sub,17
7289,Sub,17
6983,Sub,17
6691,Sub,17
7014,Sub,17
7365,MC,9
7126,Sub,17
6382,Sub,17
7386,Sub,17
7405,Sub,17
6336,Sub,17
1946,MC,9
5195,Sub,17
7285,FW,15
7299,Sub,17
7416,DC,3
7005,Sub,17
6460,Sub,17
7473,Sub,17
7483,Sub,17
7381,GK,1
7288,Sub,17
7085,Sub,17
5009,Sub,17
7375,Sub,17
7387,DC,3
7149,Sub,17
7544,DC,3
7484,Sub,17
6961,Sub,17
6929,GK,1
7559,Sub,17
7565,Sub,17
7539,ML,10
6189,Sub,17
7507,Sub,17
7413,Sub,17
7089,Sub,17
6940,GK,1
1881,GK,1
7611,Sub,17
7500,Sub,17
7004,Sub,17
7225,Sub,17
7263,Sub,17
7125,Sub,17
6992,GK,1
2005,MC,9
7370,Sub,17
7625,Sub,17
7506,Sub,17
6912,DR,2
6914,DR,2
6915,DC,3
6916,DC,3
6917,DMC,7
6918,AMC,12
6919,AML,13
6920,FW,15
6921,Sub,17
6926,DMC,7
6927,Sub,17
6930,DC,3
6931,DMC,7
6669,Sub,17
6933,Sub,17
6938,MC,9
6592,MC,9
6942,Sub,17
6949,DR,2
6950,DC,3
6951,MR,8
6952,MC,9
6953,MC,9
6954,FW,15
6956,Sub,17
6955,Sub,17
6967,Sub,17
6970,GK,1
7009,Sub,17
7012,Sub,17
5185,GK,1
7019,DC,3
7022,Sub,17
4175,ML,10
6943,Sub,17
7070,MC,9
7071,ML,10
6969,Sub,17
6932,Sub,17
7020,Sub,17
6957,Sub,17
5212,Sub,17
5159,FW,15
6939,MR,8
7101,Sub,17
7113,Sub,17
4229,FW,15
2815,Sub,17
7131,Sub,17
6570,Sub,17
7155,Sub,17
7169,Sub,17
6922,Sub,17
7134,DL,4
7165,DC,3
7128,Sub,17
7129,Sub,17
7188,GK,1
7008,Sub,17
7166,MR,8
7119,Sub,17
2574,DR,2
2594,DL,4
6924,Sub,17
7187,DL,4
7208,MR,8
6958,Sub,17
7132,DC,3
7194,Sub,17
7245,Sub,17
4202,DR,2
7233,DC,3
7271,Sub,17
7246,Sub,17
7274,ML,10
7276,DC,3
7174,DL,4
7303,Sub,17
6959,GK,1
7308,Sub,17
7339,Sub,17
7338,Sub,17
7306,DL,4
7195,Sub,17
6934,Sub,17
7313,Sub,17
7343,Sub,17
7349,FW,15
7350,Sub,17
7258,Sub,17
7351,Sub,17
7354,Sub,17
2123,DC,3
7182,ML,10
7368,Sub,17
7099,Sub,17
7366,DC,3
4193,GK,1
4515,Sub,17
7398,Sub,17
5211,MC,9
7402,Sub,17
7385,DL,4
7426,Sub,17
7424,DR,2
7409,Sub,17
7364,DML,6
7430,Sub,17
7133,DL,4
6257,GK,1
6126,MC,9
7523,GK,1
7514,DL,4
7492,DMR,5
7525,AMC,12
6816,DC,3
7547,MR,8
7548,MC,9
7555,Sub,17
7526,Sub,17
7100,Sub,17
7586,Sub,17
7604,DC,3
7549,Sub,17
7609,Sub,17
7528,Sub,17
7024,DC,3
7052,FW,15
7055,GK,1
7056,DL,4
4302,DMC,7
7057,AMR,11
7058,AMC,12
7059,AML,13
7060,FW,15
7028,Sub,17
7030,GK,1
7031,DC,3
7032,DC,3
7033,DL,4
7036,MC,9
7034,MC,9
7035,MC,9
7037,FWR,14
7038,FW,15
7039,FWL,16
7040,Sub,17
7046,Sub,17
7048,GK,1
7049,DC,3
7050,DMC,7
6557,DR,2
7065,MC,9
7073,Sub,17
7074,FW,15
7075,Sub,17
3059,MC,9
7079,DL,4
7080,Sub,17
7104,DR,2
7105,Sub,17
7043,Sub,17
7106,Sub,17
7107,Sub,17
7045,Sub,17
5305,Sub,17
7067,Sub,17
7053,GK,1
7122,Sub,17
7108,ML,10
7138,Sub,17
7140,DC,3
7062,Sub,17
7153,FWR,14
7154,Sub,17
7026,DMR,5
7163,Sub,17
7044,Sub,17
5288,GK,1
6678,DC,3
7180,DR,2
7061,Sub,17
7164,Sub,17
7179,Sub,17
7181,Sub,17
6510,Sub,17
7054,Sub,17
7197,Sub,17
7214,MC,9
7242,Sub,17
7234,Sub,17
7255,Sub,17
7256,Sub,17
5361,Sub,17
6667,Sub,17
7029,Sub,17
7213,Sub,17
7266,Sub,17
7295,Sub,17
7309,Sub,17
7319,Sub,17
7345,Sub,17
7376,DC,3
7352,MC,9
7401,Sub,17
7394,Sub,17
7346,Sub,17
7109,MC,9
7025,Sub,17
7051,Sub,17
7041,Sub,17
7436,Sub,17
7267,Sub,17
7042,Sub,17
7485,Sub,17
7501,Sub,17
7522,Sub,17
7531,Sub,17
7230,Sub,17
7532,ML,10
7567,Sub,17
7422,Sub,17
7533,DC,3
7047,GK,1
6402,GK,1
6815,DMC,7
6844,AML,13
6846,AMC,12
6878,DR,2
6879,Sub,17
6880,GK,1
6881,DC,3
6882,DL,4
6883,DMC,7
6884,AMR,11
2782,AML,13
3118,Sub,17
6875,GK,1
6876,DC,3
6877,Sub,17
6860,DR,2
6861,DC,3
6862,DL,4
6863,MC,9
6865,FW,15
6864,FW,15
6868,Sub,17
6866,Sub,17
6867,Sub,17
6872,DR,2
6873,Sub,17
3732,Sub,17
6452,Sub,17
6889,Sub,17
6895,DL,4
6896,MC,9
6897,FWR,14
6898,Sub,17
6560,MC,9
6902,Sub,17
6903,GK,1
6380,DL,4
6904,DMC,7
6905,FW,15
6907,DR,2
6360,MC,9
6908,FW,15
3693,Sub,17
6899,Sub,17
6906,Sub,17
6886,Sub,17
6946,DR,2
6947,AMR,11
7007,DC,3
6945,Sub,17
7064,Sub,17
6674,Sub,17
6935,DC,3
2713,Sub,17
7069,AMC,12
6885,Sub,17
6869,Sub,17
7117,Sub,17
7118,Sub,17
7145,FW,15
6870,DC,3
7142,FW,15
7146,DC,3
7160,Sub,17
7151,DR,2
7152,DC,3
7147,Sub,17
7171,Sub,17
2897,Sub,17
7167,DC,3
6888,DC,3
7193,Sub,17
6887,Sub,17
6847,DMC,7
7176,Sub,17
7173,Sub,17
7207,Sub,17
7206,DR,2
7116,DC,3
7177,Sub,17
7201,DC,3
6553,Sub,17
7224,Sub,17
7221,Sub,17
7223,DMC,7
6305,DR,2
7240,DC,3
7264,Sub,17
7148,Sub,17
7273,Sub,17
5743,Sub,17
7290,Sub,17
5749,GK,1
7268,DR,2
7302,Sub,17
6618,DC,3
4803,GK,1
7316,Sub,17
7282,DR,2
6420,MR,8
7329,Sub,17
7342,DR,2
3591,GK,1
7353,DC,3
6900,Sub,17
5947,Sub,17
6745,Sub,17
7395,Sub,17
7369,MR,8
7397,Sub,17
7358,DL,4
5587,FW,15
7406,Sub,17
7414,Sub,17
7418,Sub,17
7419,Sub,17
7427,DL,4
6697,Sub,17
6501,DL,4
7432,Sub,17
7435,Sub,17
7540,Sub,17
7359,Sub,17
7560,Sub,17
7465,Sub,17
7421,MR,8
7520,Sub,17
7519,Sub,17
7518,Sub,17
6936,DC,3
7556,DC,3
7481,DC,3
7566,Sub,17
7557,Sub,17
7570,DMC,7
7511,Sub,17
7577,DC,3
7598,Sub,17
7589,Sub,17
6636,GK,1
7482,MC,9
7612,FWL,16
3792,GK,1
7278,MC,9
7292,Sub,17
7688,DR,2
7689,DC,3
7690,DC,3
7691,DL,4
7692,DMC,7
7693,DMC,7
7694,AMC,12
7695,AML,13
7696,FW,15
7697,Sub,17
5603,GK,1
7702,GK,1
7704,DC,3
7705,DC,3
7703,DC,3
7706,DMR,5
7707,DML,6
7710,MC,9
7708,MC,9
7709,MC,9
7711,FW,15
4476,FW,15
7712,Sub,17
7713,Sub,17
7700,FW,15
7382,DC,3
7721,DMC,7
7722,MR,8
7723,MC,9
7724,FW,15
7725,Sub,17
7752,Sub,17
5595,Sub,17
7768,AMC,12
1053,Sub,17
5596,MR,8
7698,FWL,16
7701,Sub,17
7822,Sub,17
7990,DC,3
7988,Sub,17
7714,Sub,17
7727,Sub,17
7699,DC,3
7991,Sub,17
7823,DR,2
8040,MC,9
8045,Sub,17
1040,Sub,17
8020,DML,6
8061,Sub,17
8066,Sub,17
8022,Sub,17
7726,Sub,17
8016,MC,9
8067,Sub,17
8075,Sub,17
8089,DL,4
7715,GK,1
8082,GK,1
7753,Sub,17
5567,Sub,17
6665,Sub,17
8145,Sub,17
6859,DC,3
8235,DR,2
8226,Sub,17
8021,Sub,17
8216,Sub,17
8222,DR,2
8254,Sub,17
8257,Sub,17
8150,Sub,17
8239,Sub,17
8287,FW,15
8285,MC,9
8291,Sub,17
8300,AML,13
8288,MC,9
8323,Sub,17
8224,MC,9
8286,DC,3
8380,DC,3
8383,Sub,17
8384,Sub,17
8379,Sub,17
8455,Sub,17
8456,Sub,17
8046,Sub,17
8472,Sub,17
8480,Sub,17
8090,Sub,17
8204,Sub,17
8272,Sub,17
8214,Sub,17
8496,Sub,17
8476,Sub,17
8562,DML,6
8493,DL,4
8563,Sub,17
7602,Sub,17
8080,Sub,17
8518,Sub,17
7824,FW,15
7825,Sub,17
7836,GK,1
7837,DR,2
7838,DC,3
7839,DL,4
7840,DMC,7
7841,MR,8
7842,MC,9
7843,ML,10
7844,Sub,17
7779,Sub,17
7781,MC,9
7856,DC,3
7857,DMC,7
5109,GK,1
7860,DC,3
7861,DC,3
7862,DMC,7
7863,AMR,11
7870,ML,10
5124,Sub,17
7886,ML,10
7380,Sub,17
7887,FW,15
7888,Sub,17
7889,Sub,17
6923,DC,3
7891,DL,4
7892,FW,15
7858,Sub,17
7905,MC,9
7217,Sub,17
7921,Sub,17
7826,DC,3
7780,Sub,17
7871,Sub,17
7872,Sub,17
7967,Sub,17
8001,Sub,17
7896,Sub,17
8002,Sub,17
7828,DC,3
8014,Sub,17
7829,Sub,17
7893,MC,9
7864,DL,4
8041,Sub,17
8042,Sub,17
8058,DR,2
2555,GK,1
8029,DC,3
8015,Sub,17
5138,Sub,17
7315,Sub,17
7847,DL,4
8073,Sub,17
7834,Sub,17
8091,Sub,17
7917,Sub,17
8107,Sub,17
8086,DMR,5
8131,Sub,17
7827,Sub,17
8051,DML,6
7859,Sub,17
8142,DMC,7
5172,GK,1
8183,Sub,17
8149,Sub,17
8184,DC,3
8195,Sub,17
8140,Sub,17
7916,Sub,17
8135,Sub,17
7605,DL,4
8212,Sub,17
4168,AMC,12
7845,DC,3
8230,Sub,17
8209,Sub,17
8267,Sub,17
8266,Sub,17
8271,Sub,17
7894,Sub,17
8307,MC,9
2925,Sub,17
8316,Sub,17
2346,GK,1
8329,MC,9
8320,Sub,17
8334,Sub,17
8390,DL,4
8353,Sub,17
5174,GK,1
8419,MC,9
8470,Sub,17
8413,DL,4
7584,Sub,17
8306,DC,3
8461,Sub,17
8429,Sub,17
8414,MC,9
8415,DML,6
8423,DC,3
7175,Sub,17
8507,Sub,17
8203,Sub,17
8531,Sub,17
8500,AMR,11
8412,Sub,17
8159,Sub,17
8425,Sub,17
8417,Sub,17
6925,Sub,17
8509,Sub,17
8525,Sub,17
8263,Sub,17
8424,Sub,17
7846,GK,1
8554,Sub,17
7817,GK,1
4510,DMC,7
363,Sub,17
7569,AMC,12
7813,DC,3
7814,Sub,17
7808,DC,3
7809,DL,4
7810,AML,13
7794,DL,4
7795,MR,8
7796,MC,9
7797,MC,9
7798,ML,10
7800,FW,15
7799,FW,15
7802,Sub,17
7801,Sub,17
7783,MC,9
7784,AMC,12
7785,DR,2
7786,DC,3
7787,DMC,7
7788,AMR,11
7789,AMC,12
7790,Sub,17
7831,DR,2
7833,Sub,17
7867,AMC,12
7868,Sub,17
7875,DR,2
7876,DL,4
4340,DMC,7
7877,DMC,7
7878,AMR,11
7879,AML,13
7880,FW,15
7882,Sub,17
7881,Sub,17
7791,DC,3
7883,FW,15
7866,FW,15
7918,Sub,17
7897,MC,9
7885,Sub,17
7815,Sub,17
7995,Sub,17
7325,Sub,17
2702,Sub,17
7793,Sub,17
7884,Sub,17
8048,Sub,17
7900,Sub,17
7807,DC,3
7805,Sub,17
8065,ML,10
7899,DL,4
8053,Sub,17
8083,DL,4
4358,GK,1
8078,DC,3
7996,DC,3
7812,Sub,17
7811,MC,9
7804,Sub,17
7997,Sub,17
8146,ML,10
6513,Sub,17
8148,Sub,17
7486,Sub,17
8171,Sub,17
7792,DC,3
7777,Sub,17
7903,Sub,17
7286,Sub,17
8205,MR,8
8044,Sub,17
8213,Sub,17
7869,GK,1
7818,GK,1
8260,Sub,17
8191,Sub,17
8292,Sub,17
8117,FWR,14
8303,DC,3
8317,DC,3
8299,DC,3
8137,Sub,17
8274,Sub,17
8325,MC,9
7986,Sub,17
8335,Sub,17
8206,Sub,17
7819,Sub,17
8378,Sub,17
8397,AMR,11
8394,Sub,17
8396,Sub,17
8301,Sub,17
8341,Sub,17
8393,Sub,17
8207,Sub,17
3715,Sub,17
8192,DR,2
8070,Sub,17
8406,ML,10
8421,Sub,17
8403,DC,3
7832,Sub,17
8430,Sub,17
8418,Sub,17
6321,GK,1
7318,Sub,17
8114,Sub,17
8337,Sub,17
8407,Sub,17
8092,Sub,17
8502,Sub,17
7247,DC,3
7498,FW,15
7687,Sub,17
7229,Sub,17
7716,Sub,17
7718,GK,1
7719,Sub,17
7728,GK,1
7729,DR,2
7730,DC,3
7731,DC,3
6736,MC,9
7732,MC,9
7734,Sub,17
7733,Sub,17
7103,DC,3
7737,FW,15
7739,MC,9
6398,GK,1
7743,ML,10
6412,DR,2
7745,DL,4
7746,AMR,11
7747,AMR,11
7748,Sub,17
7750,DC,3
7751,DL,4
7754,DC,3
7755,DL,4
7756,Sub,17
7760,Sub,17
7762,Sub,17
7763,DR,2
7764,DC,3
7765,DL,4
7773,MR,8
7774,Sub,17
7741,Sub,17
7852,Sub,17
7853,Sub,17
7854,Sub,17
7265,Sub,17
7767,DC,3
4501,Sub,17
7850,AML,13
7551,DC,3
7578,Sub,17
7851,DC,3
7998,DL,4
7749,Sub,17
7913,MC,9
7776,Sub,17
7758,Sub,17
7915,Sub,17
7736,DC,3
7541,Sub,17
7908,Sub,17
7830,Sub,17
7772,GK,1
7980,MC,9
8023,Sub,17
5760,Sub,17
8004,FWL,16
8025,FW,15
5752,Sub,17
8026,FW,15
7759,Sub,17
8013,DC,3
7968,DC,3
8050,Sub,17
8057,GK,1
7614,DC,3
7717,Sub,17
7512,DR,2
7735,Sub,17
8037,Sub,17
8071,Sub,17
7775,Sub,17
7907,Sub,17
8049,Sub,17
7766,DL,4
8024,Sub,17
7157,Sub,17
8094,Sub,17
6874,Sub,17
7189,Sub,17
8118,Sub,17
7613,DC,3
8151,DMC,7
5742,Sub,17
7568,Sub,17
8168,Sub,17
7328,MC,9
7981,DMC,7
8177,Sub,17
4865,Sub,17
8141,DC,3
8189,Sub,17
8190,Sub,17
8187,Sub,17
7720,Sub,17
8211,Sub,17
8240,DC,3
8244,DC,3
8155,Sub,17
8248,Sub,17
8249,Sub,17
8278,Sub,17
8253,GK,1
6845,Sub,17
7293,Sub,17
8294,FW,15
8311,Sub,17
8293,Sub,17
8312,FW,15
8276,Sub,17
8182,Sub,17
7744,GK,1
8277,Sub,17
8314,DMR,5
8098,DL,4
7425,Sub,17
8318,Sub,17
3665,GK,1
8310,DL,4
8330,DMC,7
8327,MC,9
8175,MC,9
8003,DC,3
7909,MC,9
7912,Sub,17
6806,DC,3
7923,DC,3
7924,DC,3
6324,DC,3
7925,MC,9
7926,FW,15
7927,Sub,17
7931,DR,2
7932,DC,3
6704,DMC,7
7935,MC,9
7940,Sub,17
7943,DML,6
7947,Sub,17
7950,Sub,17
7952,DR,2
7953,MC,9
7954,Sub,17
7955,GK,1
6578,DC,3
7956,DC,3
7957,MC,9
7958,MC,9
7959,AMC,12
7960,FW,15
7961,FW,15
7962,Sub,17
7970,DL,4
7971,DMC,7
5910,AMC,12
7972,AML,13
7973,Sub,17
7974,Sub,17
7993,FW,15
7965,Sub,17
7994,Sub,17
7902,DC,3
7999,Sub,17
7977,MC,9
6696,DL,4
7934,Sub,17
7910,Sub,17
8027,Sub,17
8035,Sub,17
7944,Sub,17
7417,Sub,17
7937,Sub,17
8036,Sub,17
7942,Sub,17
7919,Sub,17
7951,Sub,17
7979,Sub,17
7933,Sub,17
7964,GK,1
8121,Sub,17
8034,Sub,17
8059,DR,2
2043,DC,3
7936,Sub,17
8127,Sub,17
8120,FW,15
8010,Sub,17
7969,Sub,17
8007,Sub,17
7963,DC,3
8110,Sub,17
7929,DC,3
7966,Sub,17
5812,Sub,17
7939,AMR,11
7938,Sub,17
8144,Sub,17
7978,Sub,17
8101,GK,1
7941,Sub,17
8161,Sub,17
8199,Sub,17
8165,Sub,17
8063,Sub,17
7411,Sub,17
4957,Sub,17
8030,DC,3
6706,Sub,17
8252,Sub,17
8269,Sub,17
8270,Sub,17
8008,Sub,17
8163,Sub,17
8297,Sub,17
8105,Sub,17
6750,Sub,17
8289,Sub,17
8133,Sub,17
4920,Sub,17
8124,Sub,17
8309,Sub,17
8387,DC,3
7210,Sub,17
7945,GK,1
8232,Sub,17
8479,Sub,17
7472,Sub,17
7581,Sub,17
8259,Sub,17
8475,Sub,17
7627,Sub,17
8113,Sub,17
8492,Sub,17
8111,Sub,17
8170,Sub,17
8331,Sub,17
8298,Sub,17
8245,Sub,17
6388,Sub,17
8540,Sub,17
8584,Sub,17
8491,Sub,17
8478,Sub,17
8522,Sub,17
6387,Sub,17
8388,Sub,17
6976,GK,1
8592,Sub,17
8591,Sub,17
8553,Sub,17
1631,Sub,17
8333,Sub,17
7911,Sub,17
6701,Sub,17
8332,Sub,17
4984,GK,1
8156,Sub,17
8296,Sub,17
8102,Sub,17
8487,Sub,17
3888,GK,1
8467,Sub,17
7284,Sub,17
5028,DL,4
5015,Sub,17
6966,GK,1
8129,DML,6
8197,Sub,17
8166,MC,9
8218,Sub,17
7562,FWR,14
8629,FW,15
8208,Sub,17
8632,Sub,17
8635,DC,3
8636,FW,15
8637,Sub,17
8639,Sub,17
8649,DR,2
8650,DC,3
8651,DMC,7
8652,AMR,11
8653,FW,15
4882,Sub,17
8654,Sub,17
8655,AML,13
8646,DC,3
8660,DR,2
8661,DC,3
8006,Sub,17
8662,Sub,17
8665,DC,3
8664,DC,3
8666,MC,9
8667,ML,10
8668,Sub,17
8669,Sub,17
8656,DL,4
8657,AML,13
8658,Sub,17
8685,Sub,17
8696,Sub,17
8671,MC,9
8056,FW,15
8698,FWL,16
8676,Sub,17
8686,Sub,17
8648,Sub,17
8678,GK,1
8679,Sub,17
8689,DMC,7
8690,Sub,17
8371,Sub,17
8704,GK,1
8706,Sub,17
8961,DC,3
8864,DR,2
8865,FW,15
8941,Sub,17
8715,GK,1
8716,DR,2
8717,DC,3
8718,DL,4
8719,DMC,7
4381,MC,9
8720,ML,10
8721,Sub,17
978,GK,1
8756,DC,3
4490,DC,3
8757,MC,9
8758,Sub,17
8777,Sub,17
8227,Sub,17
7298,DC,3
8816,DC,3
8722,Sub,17
8821,Sub,17
8481,DC,3
8778,Sub,17
8905,DL,4
8723,Sub,17
8868,Sub,17
8351,Sub,17
8819,Sub,17
8828,Sub,17
8827,Sub,17
8837,DC,3
8838,AMC,12
8840,Sub,17
8839,Sub,17
8841,Sub,17
8842,Sub,17
8856,DMC,7
8857,Sub,17
8859,Sub,17
8820,Sub,17
8870,Sub,17
8881,GK,1
8882,DL,4
1617,FWR,14
8884,Sub,17
8883,Sub,17
8908,GK,1
2053,DC,3
8909,DL,4
8911,MC,9
8912,MC,9
8910,MC,9
8913,FWL,16
8914,Sub,17
8922,Sub,17
1030,Sub,17
8926,Sub,17
8942,DL,4
8132,Sub,17
8944,MC,9
8707,Sub,17
8710,MC,9
8711,Sub,17
8725,DMC,7
8727,AML,13
8730,GK,1
8731,DR,2
8732,DC,3
8733,DL,4
8734,DMC,7
8735,AMR,11
8736,AML,13
8737,Sub,17
8738,Sub,17
8744,DL,4
8750,DMC,7
8751,Sub,17
8761,Sub,17
9011,DR,2
8935,MC,9
8934,FWR,14
8979,Sub,17
8890,GK,1
8891,DC,3
8892,DC,3
8894,MC,9
8895,Sub,17
8896,Sub,17
8863,DMR,5
8862,Sub,17
8972,Sub,17
7493,Sub,17
5131,Sub,17
8767,Sub,17
8771,MR,8
7330,Sub,17
8774,Sub,17
8713,Sub,17
8769,Sub,17
8739,GK,1
8741,Sub,17
8907,MC,9
8775,Sub,17
8939,DL,4
9340,DR,2
2597,DC,3
8893,MR,8
9033,MC,9
8861,Sub,17
7355,Sub,17
8762,Sub,17
8726,Sub,17
8933,Sub,17
8921,Sub,17
8949,GK,1
8938,Sub,17
8433,DL,4
8708,Sub,17
8897,Sub,17
8823,Sub,17
8786,GK,1
8787,DR,2
7320,DC,3
8788,DL,4
8789,DMC,7
8790,MR,8
8791,MC,9
8792,FW,15
8793,Sub,17
8796,Sub,17
8794,Sub,17
8795,Sub,17
8801,Sub,17
8805,Sub,17
8806,DMR,5
8807,DML,6
8808,MC,9
8809,FW,15
8811,Sub,17
8810,Sub,17
8812,Sub,17
8824,MC,9
8845,Sub,17
8847,Sub,17
8846,Sub,17
8853,DC,3
8869,Sub,17
8813,Sub,17
8825,Sub,17
8874,Sub,17
8875,Sub,17
8876,Sub,17
7431,MC,9
8702,Sub,17
8372,Sub,17
8749,Sub,17
8688,Sub,17
6615,Sub,17
8697,MR,8
8755,Sub,17
8641,GK,1
8283,Sub,17
8699,Sub,17
8746,Sub,17
8186,Sub,17
8703,Sub,17
5744,Sub,17
8640,Sub,17
8663,Sub,17
8851,Sub,17
8879,Sub,17
6937,Sub,17
8687,Sub,17
8920,Sub,17
8643,Sub,17
8644,Sub,17
8783,Sub,17
8780,Sub,17
8919,Sub,17
8965,DR,2
8966,Sub,17
8940,DL,4
8992,Sub,17
8918,DML,6
5569,Sub,17
5590,DC,3
9040,MC,9
6377,Sub,17
7983,Sub,17
8228,DC,3
8109,DL,4
9098,GK,1
6350,Sub,17
9163,DC,3
8482,GK,1
7383,MC,9
7904,GK,1
8180,Sub,17
9086,DC,3
9099,Sub,17
9205,Sub,17
9222,Sub,17
9249,AMC,12
9250,Sub,17
9154,Sub,17
9256,Sub,17
8566,Sub,17
9290,Sub,17
8511,Sub,17
9257,Sub,17
8852,Sub,17
9332,Sub,17
9219,Sub,17
9359,Sub,17
9284,Sub,17
9082,Sub,17
9395,MC,9
8366,Sub,17
9311,Sub,17
9307,Sub,17
9406,Sub,17
9501,Sub,17
9509,Sub,17
9524,AML,13
8158,GK,1
9209,Sub,17
9540,Sub,17
9423,Sub,17
9356,Sub,17
9415,Sub,17
9552,Sub,17
9558,Sub,17
9557,Sub,17
8849,Sub,17
8978,Sub,17
8712,Sub,17
8103,Sub,17
8709,AMR,11
8728,Sub,17
8122,DR,2
9008,Sub,17
7516,Sub,17
9024,Sub,17
9035,AMC,12
9032,Sub,17
7835,Sub,17
8410,Sub,17
6783,Sub,17
9109,GK,1
9110,DR,2
8215,DC,3
9111,DMC,7
9113,Sub,17
9114,Sub,17
9112,Sub,17
9115,Sub,17
9031,Sub,17
9132,Sub,17
8108,GK,1
9174,Sub,17
9170,Sub,17
9173,Sub,17
8765,Sub,17
9199,DC,3
2372,GK,1
9203,Sub,17
8772,Sub,17
8210,Sub,17
9218,DR,2
8576,Sub,17
9241,Sub,17
9240,Sub,17
9244,Sub,17
9181,Sub,17
8763,Sub,17
8901,MC,9
9245,Sub,17
8740,DL,4
9144,Sub,17
9305,Sub,17
8764,Sub,17
9243,MC,9
9353,Sub,17
9335,DC,3
8319,Sub,17
9324,Sub,17
9208,Sub,17
9457,Sub,17
9268,Sub,17
9280,MC,9
8513,Sub,17
9211,Sub,17
8542,DR,2
9496,FW,15
9519,DC,3
9520,Sub,17
9534,Sub,17
7072,GK,1
8951,Sub,17
8958,Sub,17
8878,Sub,17
7524,Sub,17
8962,Sub,17
8987,Sub,17
8797,Sub,17
9006,Sub,17
9028,DR,2
8826,MC,9
8986,DC,3
8815,Sub,17
8803,Sub,17
9076,Sub,17
8799,DC,3
8855,Sub,17
9100,Sub,17
8398,Sub,17
8804,Sub,17
9128,Sub,17
9133,Sub,17
7771,Sub,17
8877,DC,3
9160,FW,15
9161,Sub,17
7220,GK,1
9069,Sub,17
9187,Sub,17
9201,Sub,17
9023,Sub,17
6596,GK,1
9178,Sub,17
9227,Sub,17
8401,Sub,17
9108,DML,6
8000,Sub,17
9186,Sub,17
9301,FW,15
9328,Sub,17
9274,Sub,17
9326,Sub,17
9327,Sub,17
9351,Sub,17
6440,Sub,17
9352,Sub,17
9229,Sub,17
9129,GK,1
9162,ML,10
9426,Sub,17
8989,Sub,17
9269,Sub,17
9427,DMR,5
9458,DL,4
9445,Sub,17
9494,Sub,17
9412,DMC,7
9526,MC,9
9428,Sub,17
9507,Sub,17
8988,Sub,17
9528,Sub,17
9529,Sub,17
9127,Sub,17
8990,Sub,17
9547,Sub,17
8854,Sub,17
9288,GK,1
9052,GK,1
9443,Sub,17
8953,Sub,17
9022,MC,9
8963,Sub,17
8880,Sub,17
8974,Sub,17
1601,DL,4
8975,Sub,17
9002,Sub,17
8916,DL,4
9018,Sub,17
9029,Sub,17
5954,FW,15
9043,Sub,17
8888,Sub,17
9019,Sub,17
9065,Sub,17
8569,DC,3
9090,Sub,17
8872,DML,6
2711,Sub,17
9103,Sub,17
8831,Sub,17
8012,DC,3
9104,Sub,17
9140,Sub,17
8915,DR,2
9044,GK,1
8154,Sub,17
9123,Sub,17
9059,Sub,17
9177,Sub,17
9233,DML,6
9189,Sub,17
1544,GK,1
9124,Sub,17
9046,Sub,17
9105,Sub,17
8313,Sub,17
9200,Sub,17
9009,Sub,17
8967,Sub,17
9226,Sub,17
8887,Sub,17
8221,Sub,17
7901,Sub,17
9262,Sub,17
9225,Sub,17
9234,DC,3
9303,Sub,17
3066,Sub,17
7379,Sub,17
9134,Sub,17
8607,Sub,17
9334,Sub,17
9337,DC,3
9325,Sub,17
9419,Sub,17
9344,Sub,17
9259,Sub,17
8858,GK,1
9260,Sub,17
9444,Sub,17
8130,Sub,17
7203,Sub,17
9036,Sub,17
9518,Sub,17
8830,GK,1
9495,Sub,17
9503,Sub,17
9539,Sub,17
9304,Sub,17
8885,GK,1
9360,Sub,17
8844,GK,1
9550,Sub,17
9559,Sub,17
8568,MC,9
6399,Sub,17
7930,Sub,17
8759,Sub,17
8691,Sub,17
8971,GK,1
8969,Sub,17
8645,Sub,17
6709,Sub,17
8981,Sub,17
9038,DC,3
8980,Sub,17
5177,Sub,17
8982,FWR,14
8983,Sub,17
8647,DL,4
8995,Sub,17
8996,Sub,17
8997,FW,15
9067,Sub,17
7317,Sub,17
8684,Sub,17
8243,Sub,17
9060,DC,3
9014,Sub,17
6733,GK,1
8677,DC,3
8692,Sub,17
9345,FW,15
9342,Sub,17
9021,Sub,17
8682,Sub,17
8701,DC,3
9066,Sub,17
7527,DC,3
9182,Sub,17
9197,Sub,17
8642,Sub,17
9212,Sub,17
8672,Sub,17
9147,Sub,17
9207,Sub,17
9285,DL,4
9236,MC,9
9279,Sub,17
9017,Sub,17
9271,Sub,17
9315,DC,3
6543,GK,1
9237,Sub,17
8970,Sub,17
9378,Sub,17
9341,Sub,17
9355,Sub,17
9333,Sub,17
9450,Sub,17
9437,Sub,17
9448,Sub,17
9294,GK,1
9462,Sub,17
9467,Sub,17
8700,Sub,17
9460,Sub,17
9471,Sub,17
8633,Sub,17
9463,Sub,17
9451,Sub,17
9490,Sub,17
9298,Sub,17
9510,Sub,17
8119,Sub,17
9515,Sub,17
8784,Sub,17
9523,Sub,17
9562,Sub,17
7396,DC,3
9566,Sub,17
9565,Sub,17
9568,Sub,17
9567,Sub,17
